sol,easting,northing,elevation,latitude,longitude
0,8146811.223,-272039.268,-4501.04,-4.643738049,137.441632997
5,8146811.223,-272039.268,-4501.04,-4.643738049,137.441632997
12,8146811.223,-272039.268,-4501.04,-4.643738049,137.441632997
15,8146811.223,-272039.268,-4501.04,-4.643738049,137.441632997
16,8146817.21,-272039.15,-4501.21,-4.64373603,137.441734
21,8146814.363,-272035.346,-4501.48,-4.643671107,137.441685971
22,8146826.607,-272035.482,-4502.38,-4.643673428,137.441892534
24,8146843.725,-272038.08,-4502.6,-4.643717772,137.442181325
26,8146861.191,-272056.004,-4503.03,-4.644023705,137.442475987
29,8146885.959,-272078.049,-4503.53,-4.644399977,137.442893838
38,8146910.129,-272085.295,-4504.62,-4.644523654,137.443301601
39,8146931.566,-272089.74,-4504.7,-4.644599523,137.443663256
40,8146962.057,-272073.023,-4504.45,-4.644314191,137.444177658
41,8146985.961,-272061.77,-4504.88,-4.644122121,137.444580933
42,8147013.818,-272073.33,-4507.18,-4.6443194310000004,137.445050897
43,8147029.205,-272099.09,-4507.91,-4.644759112,137.445310485
45,8147031.41,-272096.65,-4508.06,-4.644717465,137.445347685
48,8147070.072,-272088.666,-4510.37,-4.644581192,137.445999936
49,8147100.09,-272088.967,-4512.09,-4.644586329,137.446506358
50,8147147.398,-272081.279,-4515.61,-4.644455108,137.447304472
52,8147182.713,-272074.529,-4516.6,-4.644339896,137.447900258
53,8147185.084,-272074.732,-4516.55,-4.644343361,137.447940258
55,8147206.207,-272074.578,-4517.85,-4.644340733,137.448296616
56,8147209.424,-272071.85,-4517.91,-4.64429417,137.448350889
57,8147208.732,-272072.021,-4517.91,-4.644297089,137.448339214
59,8147208.885,-272070.605,-4517.89,-4.64427292,137.448341795
100,8147207.014,-272072.137,-4517.9,-4.644299069,137.44831023
102,8147229.826,-272067.734,-4518.3,-4.644223917,137.448695083
111,8147228.682,-272066.205,-4518.23,-4.644197819,137.448675783
120,8147237.818,-272097.092,-4518.26,-4.64472501,137.448829913
121,8147254.275,-272087.537,-4518.66,-4.644561921,137.449107552
122,8147255.088,-272087.141,-4518.67,-4.644555162,137.449121268
123,8147268.602,-272074.068,-4519.78,-4.644332028,137.449349257
124,8147264.332,-272062.875,-4519.97,-4.644140982,137.44927722
125,8147267.496,-272049.328,-4520.89,-4.643909756,137.449330598
127,8147270.625,-272025.238,-4521.32,-4.64349858,137.449383387
130,8147270.896,-272019.701,-4520.99,-4.643404072,137.449387958
133,8147263.219,-272039.023,-4521,-4.643733867,137.449258443
147,8147261.842,-272041.547,-4520.87,-4.643776948,137.449235212
151,8147261.574,-272042.164,-4520.79,-4.643787479,137.449230691
152,8147261.102,-272044.287,-4520.68,-4.643823715,137.449222728
159,8147262.021,-272043.27,-4520.89,-4.643806356,137.449238232
162,8147256.238,-272038.307,-4520.56,-4.643721646,137.449140669
163,8147255.055,-272039.803,-4520.39,-4.64374718,137.449120711
164,8147255.971,-272039.268,-4520.45,-4.643738049,137.449136165
166,8147255.58,-272040.328,-4520.44,-4.643756141,137.449129568
272,8147254.805,-272039.268,-4520.33,-4.643738049,137.449116494
274,8147254.57,-272039.959,-4520.26,-4.643749843,137.449112529
295,8147254.543,-272041.311,-4520.25,-4.643772919,137.449112073
297,8147264.209,-272045.43,-4520.88,-4.643843224,137.449275145
299,8147257.885,-272050.756,-4519.79,-4.64393413,137.449168455
301,8147247.65,-272055.744,-4519.24,-4.644019267,137.448995784
302,8147245.742,-272057.727,-4518.81,-4.644053114,137.448963595
307,8147264.197,-272079.643,-4519.21,-4.644427184,137.449274942
308,8147251.041,-272093.27,-4518.37,-4.644659774,137.449052993
309,8147249.314,-272093.02,-4518.23,-4.644655507,137.449023857
313,8147242.566,-272097.82,-4518.26,-4.644737435,137.448910014
317,8147236.834,-272100.898,-4518.06,-4.644789972,137.448813312
324,8147231.787,-272082.871,-4518.4,-4.64448228,137.448728166
327,8147195.562,-272082.072,-4516.61,-4.644468643,137.448117028
329,8147161.057,-272082.84,-4515.42,-4.644481751,137.447534908
331,8147141.982,-272101.361,-4513.86,-4.644797874,137.447213101
333,8147134.598,-272112.646,-4512.85,-4.644990491,137.447088529
335,8147113.781,-272141.031,-4511,-4.645474976,137.446737333
336,8147087.162,-272156.916,-4509.14,-4.645746107,137.446288255
337,8147054.646,-272175.674,-4506.88,-4.646066276,137.44573969
338,8147027.971,-272194.275,-4504.87,-4.646383764,137.445289667
340,8146966.348,-272251.434,-4503.92,-4.647359374,137.444250049
342,8146930.934,-272297.953,-4500.99,-4.648153377,137.443652594
343,8146898.4,-272298.299,-4500.16,-4.648159283,137.443103726
344,8146831.002,-272312.184,-4499.67,-4.648396277,137.441966681
345,8146773.631,-272347.381,-4499.67,-4.648997032,137.440998797
347,8146723.658,-272378,-4499.4,-4.649519648,137.440155722
349,8146707.193,-272444.771,-4500.2,-4.650659319,137.439877948
351,8146631.541,-272477.426,-4501.37,-4.651216686,137.438601653
354,8146585.668,-272475.066,-4500.49,-4.651176405,137.437827748
356,8146537.221,-272482.859,-4500.96,-4.651309419,137.437010417
358,8146532.092,-272516.248,-4500.57,-4.651879314,137.436923888
361,8146501.191,-272578.477,-4501.42,-4.65294146,137.43640257
363,8146422.887,-272603.006,-4502.06,-4.65336013,137.435081534
365,8146402.047,-272618.52,-4502.07,-4.653624928,137.43472995
369,8146343.363,-272657.154,-4503.41,-4.654284347,137.433739916
370,8146273.43,-272663.873,-4503.25,-4.654399029,137.432560104
371,8146185.145,-272677.996,-4503.29,-4.654640086,137.431070682
372,8146150.785,-272694.268,-4502.11,-4.654917822,137.430491008
374,8146159.811,-272728.188,-4501.72,-4.65549678,137.430643282
376,8146134.025,-272760.916,-4503.48,-4.656055393,137.430208257
377,8146098.398,-272795.656,-4502.43,-4.656648347,137.429607208
378,8146042.295,-272863.059,-4503.21,-4.657798805,137.428660716
379,8146028.51,-272868.615,-4502.53,-4.657893637,137.428428155
383,8145997.895,-272896.24,-4503.55,-4.65836515,137.427911662
385,8145959.984,-273019.545,-4500.9,-4.660469762,137.42727208
388,8145947.357,-273034.1,-4501.67,-4.660718192,137.427059055
390,8145901.104,-273082.885,-4505.85,-4.661550871,137.426278739
392,8145901.83,-273085.338,-4505.73,-4.66159274,137.426290987
396,8145900.867,-273091.391,-4505.09,-4.661696054,137.426274741
402,8145878.402,-273090.635,-4504.95,-4.661683151,137.425895742
403,8145840.209,-273140.377,-4504.85,-4.662532164,137.425251403
404,8145790.781,-273172.451,-4502.79,-4.663079614,137.424417523
406,8145760.729,-273229.17,-4503.47,-4.664047713,137.423910528
409,8145768.951,-273294.6,-4503.23,-4.665164495,137.424049238
410,8145750.4,-273320.705,-4502.15,-4.665610064,137.423736271
412,8145669.67,-273364.389,-4502.97,-4.666355677,137.422374307
413,8145669.561,-273436.867,-4500.42,-4.667592756,137.422372468
417,8145617.113,-273455.365,-4498.77,-4.667908486,137.421487639
419,8145574.549,-273565.408,-4497.9,-4.669786736,137.420769558
422,8145553.58,-273630,-4497.57,-4.670889214,137.420415799
424,8145538.486,-273713.801,-4497.94,-4.672319557,137.420161154
426,8145496.025,-273730.6,-4496.58,-4.672606288,137.419444811
429,8145462.789,-273757.518,-4496.48,-4.673065733,137.4188841
431,8145421.062,-273802.574,-4495.61,-4.673834764,137.41818014
433,8145360.152,-273848.295,-4492.57,-4.674615145,137.417152551
436,8145300.492,-273913.17,-4492.77,-4.675722453,137.416146051
437,8145292.652,-273940.023,-4492.03,-4.676180788,137.416013786
438,8145252.393,-273966.773,-4494.11,-4.676637366,137.415334592
439,8145236.027,-273984.902,-4494.31,-4.676946798,137.415058488
440,8145232.592,-273987.465,-4493.75,-4.676990544,137.415000537
453,8145213.33,-273997.832,-4492.16,-4.677167491,137.414675575
454,8145121.463,-273993.422,-4492.9,-4.67709222,137.413125724
455,8145076.059,-274034.547,-4492.96,-4.677794155,137.412359731
465,8145045.295,-274054.395,-4492.69,-4.678132927,137.411840723
470,8144999.057,-274101.062,-4491,-4.678929454,137.41106066
472,8144969.717,-274138.207,-4489.78,-4.679563457,137.410565677
474,8144964.467,-274138.395,-4490.13,-4.679566666,137.410477106
477,8144962.079,-274142.927,-4489.76,-4.67964402,137.410436819
488,8144962.497,-274142.397,-4489.76,-4.679634973,137.410443871
490,8144962.102,-274143.551,-4489.73,-4.67965467,137.410437207
494,8144953.039,-274160.839,-4488.77,-4.679949747,137.410284309
504,8144931.595,-274161.76,-4489.78,-4.679965467,137.409922536
506,8144913.935,-274178.087,-4489.01,-4.680244142,137.409624601
508,8144910.983,-274186.887,-4489.15,-4.680394343,137.409574799
511,8144910.581,-274211.912,-4487.85,-4.680821478,137.409568017
513,8144910.165,-274213.198,-4487.82,-4.680843427,137.409560999
515,8144890.54,-274236.444,-4486.76,-4.681240198,137.409229913
518,8144874.936,-274236.703,-4487.25,-4.681244618,137.408966664
519,8144850.419,-274233.304,-4489.46,-4.681186603,137.408553047
520,8144836.768,-274254.622,-4489.8,-4.681550466,137.408322747
521,8144834.69,-274264.879,-4489.28,-4.681725535,137.40828769
524,8144810.581,-274267.004,-4486.96,-4.681761805,137.407880956
526,8144797.828,-274263.201,-4487.36,-4.681696895,137.407665805
527,8144779.839,-274244.475,-4487.59,-4.681377273,137.40736232
528,8144773.927,-274237.387,-4486.74,-4.681256293,137.407262581
532,8144774.882,-274236.691,-4486.76,-4.681244414,137.407278693
533,8144771.07,-274240.208,-4486.86,-4.681304443,137.407214382
535,8144763.962,-274239.725,-4487.95,-4.681296199,137.407094466
538,8144728.245,-274248.984,-4489.28,-4.681454234,137.406491898
540,8144658.662,-274251.687,-4487.5,-4.68150037,137.405317991
542,8144636.794,-274257.77,-4487.05,-4.681604197,137.404949064
545,8144590.987,-274264.724,-4488.41,-4.68172289,137.404176273
546,8144590.237,-274265.502,-4488.37,-4.681736169,137.40416362
547,8144509.239,-274315.468,-4491.04,-4.6825890040000004,137.402797134
548,8144436.871,-274369.77,-4487.23,-4.683515848,137.401576243
549,8144437.424,-274375.975,-4487.22,-4.683621757,137.401585572
550,8144426.505,-274381.47,-4486.73,-4.683715548,137.401401362
552,8144368.711,-274425.702,-4487.63,-4.684470513,137.400426342
553,8144357.555,-274479.292,-4487.48,-4.685385204,137.400238134
554,8144357.447,-274480.479,-4487.47,-4.685405464,137.400236312
555,8144363.217,-274523.682,-4484.83,-4.686142867,137.400333655
559,8144374.554,-274578.329,-4483.45,-4.687075599,137.400524917
560,8144351.171,-274584.72,-4481.5,-4.687184683,137.400130432
561,8144326.935,-274577.477,-4480.97,-4.687061057,137.399721556
562,8144327.299,-274576.364,-4481.04,-4.68704206,137.399727697
563,8144330.444,-274590.914,-4480.36,-4.687290404,137.399780755
564,8144292.992,-274607.749,-4483.42,-4.687577749,137.399148917
565,8144286.512,-274638.156,-4481.1,-4.688096745,137.399039595
566,8144287.773,-274638.704,-4481.11,-4.6881060980000004,137.399060869
568,8144308.824,-274700.308,-4480.28,-4.689157575,137.399416012
569,8144405.6,-274724.636,-4482.04,-4.689572812,137.401048682
572,8144472.29,-274779.531,-4478.45,-4.690509777,137.402173782
574,8144472.197,-274817.705,-4478.68,-4.691161343,137.402172213
581,8144472.793,-274820.4,-4478.71,-4.691207342,137.402182268
586,8144472.946,-274818.874,-4478.74,-4.691181296,137.40218485
587,8144491.555,-274813.422,-4477.04,-4.691088239,137.402498795
588,8144508.96,-274850.811,-4478.02,-4.691726406,137.402792428
589,8144519.289,-274878.185,-4478.4,-4.692193634,137.402966684
593,8144515.115,-274900.028,-4478.95,-4.692566457,137.402896266
595,8144501.336,-274930.828,-4479.2,-4.693092161,137.402663806
597,8144477.881,-274929.255,-4480.31,-4.693065313,137.402268106
603,8144476.756,-274959.161,-4479.98,-4.693575757,137.402249127
606,8144463.953,-274967.035,-4479.44,-4.693710153,137.402033132
609,8144462.584,-274966.007,-4479.16,-4.693692607,137.402010036
630,8144473.892,-274984.827,-4479.62,-4.694013833,137.402200809
631,8144470.571,-275009.199,-4478.36,-4.694429821,137.402144782
634,8144424.161,-275057.731,-4475.36,-4.69525818,137.401361817
635,8144352.364,-275065.485,-4475.92,-4.695390528,137.400150558
636,8144301.949,-275034.905,-4474.37,-4.694868579,137.399300027
637,8144270.025,-275048.205,-4474.83,-4.695095588,137.39876145
640,8144269.343,-275049.2,-4474.915,-4.695112576,137.39874994
641,8144241.443,-275031.449,-4474.88,-4.694809591,137.398279254
643,8144160.624,-275052.03,-4478.54,-4.695160874,137.396915789
644,8144069.756,-275087.025,-4475.75,-4.695758179,137.39538279
646,8144043.019,-275073.934,-4473.41,-4.695534738,137.394931719
647,8144043.019,-275073.934,-4473.41,-4.695534738,137.394931721
649,8144005.722,-275060.333,-4474.99,-4.695302592,137.394302498
651,8143989.624,-275086.26,-4473.79,-4.695745122,137.394030915
655,8143911.459,-275116.269,-4473.04,-4.696257325,137.392712224
656,8143883.177,-275150.979,-4473.53,-4.696849765,137.39223509
657,8143770.788,-275162.675,-4473.01,-4.697049396,137.390339019
658,8143748.535,-275185.939,-4473.73,-4.697446473,137.389963598
660,8143749.115,-275186.997,-4473.769,-4.697464535,137.389973381
661,8143657.499,-275246.968,-4474.35,-4.698488135,137.388427765
662,8143586.283,-275348.5,-4470.21,-4.700221113,137.387226308
663,8143575.978,-275370.289,-4468.53,-4.700593014,137.387052457
664,8143547.608,-275428.726,-4468.51,-4.701590434,137.386573838
665,8143444.18,-275493.213,-4470.69,-4.702691117,137.384828945
667,8143444.196,-275494.384,-4470.664,-4.702711107,137.384829214
668,8143435.356,-275589.845,-4471.2,-4.704340461,137.384680079
669,8143397.947,-275597.522,-4467.93,-4.704471494,137.384048966
670,8143445.951,-275679.043,-4469.93,-4.705862919,137.384858823
671,8143383.86,-275767.94,-4472.28,-4.707380238,137.38381131
672,8143405.889,-275836.925,-4473.88,-4.708557694,137.384182953
674,8143405.174,-275831.724,-4473.85,-4.708468922,137.38417089
676,8143389.067,-275834.541,-4473.76,-4.708517004,137.383899155
677,8143389.108,-275853.977,-4472.36,-4.708848743,137.383899847
678,8143397.935,-275919.325,-4471.49,-4.709964121,137.384048764
679,8143399.203,-275919.326,-4471.75,-4.709964138,137.384070156
683,8143433.056,-275951.665,-4470.5,-4.71051611,137.384641276
685,8143409.054,-276001.228,-4467.31,-4.711362065,137.384236348
688,8143362.814,-276066.249,-4464.57,-4.712471862,137.383456251
689,8143362.794,-276075.452,-4463.53,-4.712628941,137.383455914
690,8143371.957,-276103.668,-4461.78,-4.71311054,137.383610499
691,8143362.697,-276121.136,-4460.5,-4.713408689,137.383454277
692,8143338.518,-276130.207,-4459.63,-4.713563515,137.383046363
695,8143334.265,-276150.362,-4459.13,-4.713907527,137.382974612
696,8143335.954,-276169.465,-4457.47,-4.714233582,137.383003107
702,8143336.63,-276182.236,-4456.74,-4.714451561,137.383014511
703,8143325.626,-276209.36,-4456.74,-4.714914521,137.382828867
705,8143326.582,-276212.157,-4456.4,-4.714962261,137.382844996
706,8143316.047,-276224.54,-4457.94,-4.715173618,137.382667264
708,8143316.522,-276223.536,-4457.836,-4.715156487,137.382675278
709,8143318.29,-276236.939,-4458.4,-4.715385247,137.382705104
710,8143316.098,-276229.421,-4458.16,-4.715256928,137.382668124
711,8143315.817,-276228.285,-4458.26,-4.715237538,137.382663383
713,8143317.617,-276221.277,-4457.68,-4.715117924,137.382693751
714,8143299.818,-276193.302,-4457.07,-4.714640439,137.382393471
717,8143320.045,-276216.26,-4456.76,-4.715032292,137.382734712
719,8143320.929,-276217.631,-4457.36,-4.715055693,137.382749626
729,8143282.715,-276172.101,-4457.77,-4.714278574,137.382104933
731,8143267.169,-276177.7,-4457.86,-4.714374139,137.381842662
733,8143213.711,-276182.414,-4457.86,-4.714454599,137.380940793
735,8143190.709,-276158.687,-4458.07,-4.71404962,137.380552736
738,8143163.955,-276169.367,-4458.11,-4.7142319090000004,137.38010138
739,8143142.262,-276174.609,-4458.5,-4.714321381,137.379735406
740,8143133.984,-276179.746,-4458.86,-4.714409061,137.379595751
743,8143049.237,-276181.085,-4459.65,-4.714431915,137.378166018
744,8143018.275,-276188.563,-4459.25,-4.714559552,137.37764367
746,8143011.424,-276192.469,-4458.71,-4.714626221,137.377528089
747,8142984.629,-276271.108,-4460.93,-4.715968453,137.377076042
748,8142967.009,-276282.563,-4459.66,-4.71616397,137.376778782
751,8142994.632,-276363.096,-4459.45,-4.71753853,137.377244798
753,8143007.6,-276380.092,-4460.59,-4.717828623,137.377463576
776,8143007.6,-276380.092,-4460.59,-4.717828623,137.377463576
780,8143012.942,-276396.297,-4458.99,-4.718105214,137.377553699
782,8143012.942,-276396.297,-4458.99,-4.718105214,137.377553699
785,8143017.026,-276394.869,-4458.69,-4.718080841,137.377622599
787,8143027.685,-276405.598,-4457.76,-4.718263966,137.377802422
790,8143033.182,-276409.404,-4457.33,-4.718328928,137.37789516
792,8143026.455,-276419.371,-4455.5,-4.718499048,137.377781671
794,8143010.009,-276428.92,-4453.86,-4.718662032,137.377504218
797,8143006.719,-276377.131,-4460.64,-4.717778083,137.377448713
799,8143010.854,-276372.635,-4461.2,-4.717701344,137.377518473
803,8143008.854,-276377.757,-4460.76,-4.717788768,137.377484732
807,8143006.743,-276391.152,-4459.48,-4.718017398,137.377449118
812,8143017.75,-276394.922,-4458.59,-4.718081745,137.377634813
817,8143032.056,-276411.209,-4457.04,-4.718359736,137.377876164
826,8143026.493,-276420.383,-4455.3,-4.718516321,137.377782313
835,8143006.503,-276428.589,-4453.56,-4.718656383,137.377445069
837,8143009.67,-276432.43,-4452.75,-4.718721942,137.377498498
862,8143002.766,-276388.467,-4459.79,-4.717971569,137.377382024
864,8143006.783,-276389.837,-4459.6,-4.717994953,137.377449793
896,8143005.797,-276402.626,-4458.33,-4.718213239,137.377433159
901,8143009.024,-276428.309,-4454.05,-4.718651604,137.3774876
903,8143006.934,-276429.172,-4453.5,-4.718666334,137.37745234
923,8142998.668,-276433.101,-4452.15,-4.718733395,137.377312888
924,8142997.197,-276439.054,-4451.41,-4.718835002,137.377288071
926,8143000.715,-276442.471,-4451.06,-4.718893325,137.377347422
939,8143000.791,-276441.848,-4451.127,-4.71888269,137.377348702
940,8142997.208,-276450.268,-4450.4,-4.719026406,137.377288257
944,8142999.543,-276443.044,-4450.97,-4.718903105,137.37732765
949,8142992.154,-276456.462,-4450.2,-4.719132127,137.377202993
950,8142967.215,-276481.088,-4449.87,-4.71955245,137.376782257
951,8142953.427,-276493.17,-4450.5,-4.719758669,137.376549645
952,8142886.906,-276536.649,-4452.39,-4.720500781,137.375427395
956,8142851.552,-276575.806,-4452.09,-4.721169123,137.374830952
957,8142788.487,-276578.495,-4454.67,-4.72121502,137.373767007
958,8142774.628,-276573.5,-4453.95,-4.721129764,137.373533198
960,8142688.552,-276614.344,-4456.63,-4.7218269,137.372081043
962,8142687.721,-276615.239,-4456.54,-4.721842176,137.372067024
963,8142673.03,-276623.096,-4456.17,-4.721976282,137.371819178
964,8142644.068,-276623.078,-4455.49,-4.721975975,137.371330572
967,8142579.733,-276648.736,-4456.98,-4.722413912,137.370245201
971,8142576.424,-276653.39,-4456.4,-4.722493348,137.370189376
976,8142640.318,-276667.533,-4454.96,-4.722734745,137.371267307
978,8142641.128,-276668.998,-4454.61,-4.72275975,137.371280972
981,8142645.793,-276684.963,-4451.76,-4.723032245,137.371359673
983,8142644.718,-276704.358,-4450.27,-4.723363284,137.371341537
984,8142640.55,-276709.415,-4449.09,-4.723449598,137.371271221
986,8142639.964,-276701.072,-4449.62,-4.723307198,137.371261335
987,8142635.981,-276667.794,-4454.75,-4.7227392,137.371194139
990,8142584.316,-276668.598,-4453.46,-4.722752922,137.370322519
991,8142579.6,-276686.857,-4447.69,-4.723064572,137.370242957
992,8142575.667,-276691.352,-4447.02,-4.723141294,137.370176605
995,8142566.152,-276709.11,-4447.19,-4.723444392,137.370016081
997,8142566.402,-276711.667,-4446.65,-4.723488036,137.370020299
1030,8142566.698,-276710.671,-4446.8,-4.723471036,137.370025293
1035,8142574.754,-276691.777,-4447.09,-4.723148548,137.370161202
1037,8142577.852,-276687.412,-4447.54,-4.723074045,137.370213468
1039,8142577.75,-276687.737,-4447.35,-4.723079592,137.370211747
1042,8142564.409,-276690.854,-4447.97,-4.723132794,137.369986676
1044,8142562.438,-276697.127,-4448.01,-4.723239863,137.369953424
1046,8142563.025,-276698.219,-4448.09,-4.723258502,137.369963327
1049,8142574.594,-276693.922,-4447.13,-4.723185159,137.370158503
1051,8142579.427,-276693.318,-4446.85,-4.72317485,137.370240039
1053,8142582.534,-276696.373,-4446.79,-4.723226994,137.370292456
1056,8142582.897,-276695.773,-4446.91,-4.723216753,137.37029858
1066,8142559.876,-276693.912,-4447.67,-4.723184989,137.369910202
1067,8142567.045,-276709.855,-4447.08,-4.723457108,137.370031147
1072,8142542.437,-276734.703,-4444.91,-4.723881221,137.369615995
1073,8142528.034,-276775.791,-4442.46,-4.724582522,137.369373008
1074,8142523.232,-276796.222,-4442.01,-4.724931244,137.369291995
1078,8142515.31,-276823.682,-4439.8,-4.725399938,137.369158346
1080,8142513.366,-276850.688,-4438.06,-4.725860884,137.36912555
1083,8142515.658,-276870.195,-4438.59,-4.726193835,137.369164217
1085,8142529.678,-276896.649,-4438.18,-4.726645359,137.369400743
1087,8142529.663,-276900.263,-4437.79,-4.726707043,137.36940049
1093,8142541.488,-276897.038,-4436.7,-4.726651998,137.369599985
1094,8142557.763,-276910.665,-4434.43,-4.726884587,137.369874554
1098,8142554.799,-276921.045,-4433.98,-4.727061756,137.369824549
1099,8142538.56,-276950.523,-4433.64,-4.727564894,137.369550588
1100,8142524.948,-276980.674,-4433.06,-4.72807952,137.369320945
1104,8142513.684,-276986.388,-4434.33,-4.728177048,137.369130915
1106,8142505.802,-276988.288,-4434.09,-4.728209478,137.36899794
1107,8142500.867,-276982.001,-4435.11,-4.728102169,137.368914684
1108,8142497.735,-276981.579,-4435.4,-4.728094967,137.368861845
1110,8142485.787,-276990.822,-4435.34,-4.728252729,137.368660275
1112,8142481.204,-276998.711,-4434.69,-4.72838738,137.368582957
1127,8142484.991,-276999.31,-4434.52,-4.728397604,137.368646846
1144,8142497.305,-276996.556,-4434.01,-4.728350598,137.368854591
1148,8142471.043,-277010.016,-4433.39,-4.728580337,137.368411535
1151,8142477.994,-277013.701,-4433.11,-4.728643233,137.368528803
1153,8142461.578,-277043.204,-4434.44,-4.729146798,137.368251855
1155,8142436.964,-277073.348,-4433.25,-4.729661304,137.367836602
1158,8142394.255,-277120.957,-4432.24,-4.730473907,137.367116075
1160,8142353.549,-277156.251,-4433.88,-4.731076314,137.36642934
1162,8142331.236,-277186.861,-4432.34,-4.731598774,137.366052906
1167,8142334.524,-277225.311,-4429.35,-4.732255049,137.366108377
1168,8142328.076,-277260.982,-4427.47,-4.732863891,137.365999595
1172,8142342.624,-277304.211,-4425.77,-4.733601734,137.366245029
1173,8142331.618,-277347.64,-4424.96,-4.734342992,137.366059351
1174,8142311.747,-277359.256,-4424.92,-4.734541257,137.365724115
1179,8142311.841,-277360.407,-4424.86,-4.734560902,137.365725701
1181,8142313.656,-277365.484,-4424.59,-4.734647558,137.365756321
1183,8142305.903,-277367.838,-4423.93,-4.734687737,137.365625523
1185,8142337.369,-277372.076,-4422.92,-4.734760072,137.366156374
1187,8142364.165,-277362.938,-4422.87,-4.734604102,137.366608439
1192,8142397.31,-277381.172,-4421.88,-4.734915325,137.367167615
1194,8142419.762,-277418.595,-4419.54,-4.73555407,137.367546394
1196,8142447.694,-277408.268,-4419.91,-4.735377806,137.368017623
1204,8142447.694,-277408.268,-4419.91,-4.735377806,137.368017623
1215,8142399.974,-277386.212,-4421.87,-4.735001349,137.367212558
1216,8142389.38,-277349.423,-4424.14,-4.734373425,137.367033831
1221,8142393.078,-277345.996,-4423.69,-4.734314932,137.367096218
1243,8142394.138,-277350.085,-4423.43,-4.734384724,137.367114101
1244,8142392.42,-277350.687,-4423.84,-4.734394999,137.367085118
1248,8142350.691,-277368.101,-4423.15,-4.734692226,137.366381124
1249,8142300.585,-277331.199,-4426.71,-4.734062373,137.365535806
1250,8142303.198,-277332.097,-4426.54,-4.7340777,137.365579888
1255,8142295.678,-277319.263,-4427.13,-4.733858646,137.365453021
1256,8142275.353,-277304.917,-4427.63,-4.733613785,137.365110126
1257,8142275.353,-277304.917,-4427.63,-4.733613785,137.365110126
1260,8142273.11,-277298.55,-4428,-4.733505111,137.365072286
1262,8142216.041,-277264.705,-4430.07,-4.732927436,137.364109497
1264,8142192.7,-277261.485,-4432.08,-4.732872476,137.36371572
1267,8142171.172,-277272.43,-4433.45,-4.733059288,137.36335253
1269,8142146.869,-277294.45,-4432.62,-4.733435131,137.362942524
1274,8142119.123,-277323.019,-4427.36,-4.733922754,137.362474432
1276,8142112.2,-277324.081,-4426.57,-4.733940881,137.362357637
1281,8142103.901,-277313.547,-4426.39,-4.733761084,137.362217627
1282,8142084.482,-277313.388,-4426.46,-4.73375837,137.361890017
1283,8142045.965,-277319.2,-4427.29,-4.733857571,137.361240212
1284,8142022.258,-277324.221,-4427.06,-4.73394327,137.360840261
1285,8142022.258,-277324.221,-4427.06,-4.73394327,137.360840261
1289,8142014.672,-277312.249,-4426.88,-4.733738929,137.36071228
1290,8141994.691,-277302.092,-4426.67,-4.733565567,137.360375189
1292,8141991.622,-277298.056,-4427.03,-4.733496679,137.360323413
1294,8141976.353,-277300.208,-4427.86,-4.73353341,137.360065816
1296,8141972.67,-277298.991,-4427.82,-4.733512638,137.360003681
1298,8141937.93,-277305.43,-4429.65,-4.733622541,137.359417596
1301,8141934.474,-277309.292,-4429.44,-4.733688458,137.359359292
1303,8141934.474,-277309.292,-4429.44,-4.733688458,137.359359292
1305,8141934.474,-277309.292,-4429.44,-4.733688458,137.359359292
1309,8141929.358,-277303.915,-4429.13,-4.733596682,137.359272982
1310,8141909.092,-277307.104,-4430.93,-4.733651113,137.358931082
1311,8141909.016,-277298.94,-4431.18,-4.733511768,137.3589298
1315,8141908.328,-277299.881,-4431.25,-4.733527829,137.358918193
1316,8141922.662,-277305.739,-4429.56,-4.733627815,137.359160016
1317,8141927.062,-277302.491,-4429,-4.733572377,137.359234247
1329,8141923.447,-277301.279,-4429.29,-4.73355169,137.359173259
1342,8141925.151,-277298.638,-4429.25,-4.733506613,137.359202007
1344,8141906.404,-277303.434,-4431.24,-4.733588472,137.358885734
1346,8141898.722,-277297.615,-4433.32,-4.733489152,137.358756134
1349,8141892.227,-277302.08,-4434.49,-4.733565362,137.358646559
1352,8141885.377,-277306.399,-4434.86,-4.73363908,137.358530995
1353,8141843.401,-277326.741,-4434.87,-4.733986282,137.357822835
1357,8141836.603,-277325.053,-4435.59,-4.733957471,137.357708149
1369,8141834.982,-277356.361,-4433.26,-4.734491844,137.357680801
1371,8141851.814,-277382.155,-4430.25,-4.734932103,137.357964767
1373,8141863.274,-277409.784,-4429.46,-4.735403682,137.358158104
1376,8141865.058,-277427.297,-4429.39,-4.735702598,137.358188202
1378,8141858.257,-277469.145,-4428.65,-4.736416871,137.358073465
1383,8141850.53,-277498.728,-4427.95,-4.736921801,137.357943105
1384,8141815.073,-277547.59,-4426.35,-4.73775579,137.357344924
1385,8141823.892,-277613.049,-4421.74,-4.738873061,137.357493706
1386,8141824.176,-277614.266,-4421.69,-4.738893833,137.357498498
1387,8141822.926,-277626.832,-4420.6,-4.739108313,137.357477409
1398,8141775.341,-277656.75,-4419.32,-4.739618961,137.356674622
1399,8141751.668,-277676.957,-4420.59,-4.739963859,137.356275244
1400,8141746.112,-277685.371,-4420.31,-4.740107468,137.356181511
1401,8141743.106,-277709.861,-4417.33,-4.740525473,137.356130798
1405,8141715.871,-277712.639,-4417.9,-4.740572888,137.355671327
1410,8141680.237,-277758.985,-4415.7,-4.741363933,137.35507016
1412,8141660.055,-277799.312,-4412.27,-4.742052245,137.354729677
1414,8141639.934,-277830.183,-4410.82,-4.742579159,137.354390224
1417,8141644.926,-277831.463,-4410.38,-4.742601006,137.354474442
1427,8141643.501,-277842.355,-4409.6,-4.742786913,137.354450401
1428,8141618.407,-277875.774,-4407.7,-4.743357317,137.35402705
1431,8141591.967,-277919.577,-4405.41,-4.744104958,137.353580991
1432,8141583.137,-277955.478,-4403.87,-4.744717725,137.353432024
1433,8141579.61,-278007.763,-4401.33,-4.745610138,137.353372521
1434,8141579.618,-278008.917,-4401.216,-4.745629843,137.353372654
1435,8141547.748,-278061.86,-4398.63,-4.746533479,137.35283499
1438,8141543.357,-278101.812,-4397.06,-4.74721539,137.352760911
1439,8141563.614,-278128.783,-4393.77,-4.747675737,137.353102659
1446,8141557.519,-278179.377,-4388.83,-4.748539288,137.352999833
1448,8141565.143,-278245.7,-4383.79,-4.749671305,137.353128454
1452,8141582.374,-278281.258,-4378.84,-4.750278218,137.353419152
1454,8141565.719,-278317.721,-4380.08,-4.750900577,137.353138172
1455,8141557.908,-278306.692,-4379.46,-4.750712331,137.353006395
1468,8141600.055,-278369.892,-4375.81,-4.751791044,137.353717441
1469,8141624.433,-278392.271,-4374.4,-4.752173014,137.354128712
1471,8141650.196,-278417.532,-4372.68,-4.752604175,137.35456335
1473,8141658.001,-278431.764,-4371.23,-4.75284709,137.354695025
1475,8141652.179,-278446.896,-4370.08,-4.753105367,137.354596804
1478,8141652.757,-278459.427,-4368.81,-4.753319249,137.354606555
1480,8141654.129,-278494.415,-4367.07,-4.753916432,137.354629702
1482,8141669.636,-278530.076,-4364.29,-4.754525103,137.354891314
1485,8141686.238,-278562.388,-4361.31,-4.755076611,137.3551714
1487,8141670.528,-278570.149,-4360.54,-4.755209078,137.354906363
1489,8141673.033,-278567.557,-4360.81,-4.755164837,137.354948624
1499,8141668.545,-278577.733,-4359.84,-4.755338523,137.354872908
1500,8141681.388,-278599.917,-4358.73,-4.755717165,137.355089578
1501,8141700.579,-278640.293,-4354.93,-4.756406312,137.355413341
1502,8141723.365,-278649.465,-4353.84,-4.756562862,137.355797755
1503,8141738.09,-278683.651,-4351.81,-4.757146357,137.356046175
1506,8141736.814,-278734.636,-4348.61,-4.758016581,137.356024648
1507,8141724.96,-278757.955,-4349.51,-4.758414595,137.355824664
1508,8141705.506,-278795.637,-4350.97,-4.75905776,137.355496463
1509,8141708.724,-278833.833,-4349.78,-4.759709698,137.355550752
1512,8141720.795,-278873.771,-4346.46,-4.760391369,137.355754398
1514,8141745.836,-278905.944,-4343.37,-4.760940505,137.356176854
1516,8141744.926,-278928.452,-4341.62,-4.761324677,137.356161502
1519,8141763.359,-278954.986,-4337.92,-4.761777565,137.356472478
1521,8141774.043,-278957.168,-4336.36,-4.761814808,137.356652724
1526,8141776.914,-278965.848,-4335.8,-4.76196296,137.356701159
1553,8141778.438,-278958.63,-4335.75,-4.761839762,137.35672687
1555,8141778.481,-278958.58,-4335.75,-4.761838908,137.356727595
1571,8141791.639,-278968.966,-4335.03,-4.762016179,137.356949579
1574,8141810.948,-278986.451,-4333.45,-4.762314617,137.357275333
1576,8141830.682,-279008.299,-4331.33,-4.762687523,137.357608258
1577,8141854.725,-279045.79,-4327.39,-4.763327428,137.358013878
1578,8141878.665,-279053.093,-4325.12,-4.763452078,137.35841776
1582,8141893.211,-279093.806,-4321.49,-4.764146976,137.35866316
1583,8141885.026,-279107.528,-4321.16,-4.764381186,137.358525074
1584,8141891.325,-279137.698,-4318.56,-4.764896135,137.358631342
1585,8141890.716,-279151.091,-4317.52,-4.765124729,137.358621068
1587,8141895.913,-279177.945,-4314.37,-4.76558308,137.358708744
1589,8141890.917,-279206.402,-4311.45,-4.76606879,137.358624459
1591,8141887.484,-279209.435,-4311.29,-4.766120558,137.358566542
1594,8141867.977,-279226.276,-4310.43,-4.766408004,137.358237447
1596,8141847.714,-279230.595,-4311.17,-4.766481721,137.357895598
1598,8141822.629,-279243.59,-4312.49,-4.766703523,137.357472399
1601,8141805.674,-279254.079,-4314.21,-4.766882552,137.357186358
1604,8141847.539,-279226.777,-4311.51,-4.766416555,137.357892645
1605,8141843.285,-279205.396,-4313.46,-4.766051619,137.357820878
1608,8141837.055,-279203.386,-4313.44,-4.766017312,137.357715774
1610,8141846.12,-279223.35,-4312.11,-4.766358062,137.357868706
1611,8141862.392,-279240.175,-4309.91,-4.766645235,137.358143225
1612,8141884.976,-279260.658,-4306.86,-4.766994843,137.35852423
1616,8141884.745,-279260.58,-4306.88,-4.766993512,137.358520333
1617,8141885.685,-279268.631,-4306.67,-4.767130928,137.358536192
1628,8141905.938,-279282.191,-4305.76,-4.767362373,137.358877872
1630,8141933.639,-279310.922,-4304.56,-4.767852761,137.359345205
1632,8141924.87,-279336.268,-4304.13,-4.768285372,137.359197266
1635,8141907.481,-279356.698,-4304.09,-4.768634075,137.358903903
1636,8141903.186,-279357.678,-4304.37,-4.768650802,137.358831444
1639,8141926.226,-279376.295,-4302.33,-4.768968561,137.359220143
1641,8141926.824,-279377.313,-4302.264,-4.76898593,137.359230228
1642,8141927.781,-279404.104,-4300.99,-4.769443211,137.359246377
1643,8141963.129,-279393.891,-4300.34,-4.769268894,137.359842719
1645,8141981.539,-279384.461,-4300.07,-4.76910794,137.360153307
1646,8142011.008,-279379.094,-4299.98,-4.769016335,137.360650466
1648,8142018.338,-279378.933,-4299.91,-4.769013587,137.360774128
1659,8141993.643,-279388.574,-4299.76,-4.769178142,137.360357508
1662,8141984.635,-279410.987,-4298.67,-4.769560692,137.360205538
1664,8141985.084,-279412.431,-4298.65,-4.769585338,137.360213113
1666,8141984.743,-279421.59,-4298.01,-4.769741666,137.36020736
1669,8142000.437,-279445.275,-4296.42,-4.770145927,137.360472127
1671,8142001.947,-279449.138,-4295.92,-4.770211862,137.360497602
1672,8142001.07,-279471.841,-4295.08,-4.770599361,137.360482806
1673,8141998.454,-279480.217,-4294.63,-4.770742325,137.360438673
1676,8142002.605,-279496.695,-4293.77,-4.771023575,137.360508703
1677,8142015.764,-279527.181,-4291.64,-4.771543916,137.360730703
1678,8142031.422,-279542.804,-4289.65,-4.771810573,137.360994863
1679,8142049.4,-279566.326,-4287.71,-4.772212052,137.361298163
1680,8142063.472,-279590.761,-4286.22,-4.772629114,137.361535566
1682,8142062.696,-279589.829,-4286.309,-4.772613201,137.36152247
1683,8142075.024,-279612.235,-4284.65,-4.772995636,137.36173045499999
1684,8142091.433,-279638.628,-4282.48,-4.773446118,137.362007285
1685,8142105.722,-279650.108,-4280.85,-4.773642061,137.362248349
1686,8142106.537,-279658.447,-4280.41,-4.773784393,137.362262098
1689,8142105.916,-279669.513,-4279.75,-4.77397327,137.362251622
1691,8142103.727,-279675.332,-4279.4,-4.77407259,137.362214692
1693,8142114.25,-279675.807,-4278.19,-4.774080697,137.362392221
1696,8142159.22,-279682.177,-4275.58,-4.774189421,137.363150892
1698,8142195.722,-279709.716,-4272.56,-4.774659463,137.363766703
1700,8142224.383,-279718.449,-4270.44,-4.77480852,137.364250232
1703,8142225.98,-279720.754,-4269.91,-4.774847862,137.364277174
1705,8142229.805,-279726.794,-4268.98,-4.774950954,137.364341704
1707,8142229.385,-279740.551,-4267.57,-4.775185761,137.364334618
1711,8142235.006,-279749.077,-4266.58,-4.775331285,137.364429448
1712,8142236.151,-279756.075,-4265.51,-4.775450728,137.364448765
1717,8142234.934,-279782.122,-4262.43,-4.775895304,137.364428233
1718,8142259.171,-279790.513,-4260.24,-4.776038523,137.364837126
1719,8142246.137,-279796.789,-4260.23,-4.776145643,137.364617235
1720,8142247.419,-279818.404,-4257.31,-4.776514573,137.364638863
1721,8142254.902,-279823.956,-4255.55,-4.776609336,137.364765106
1724,8142280.8,-279829.181,-4253.94,-4.776698517,137.365202021
1726,8142299.158,-279839.946,-4251.65,-4.776882256,137.365511731
1727,8142324.681,-279849.928,-4248.72,-4.777052631,137.36594232
1728,8142343.696,-279846.83,-4247.8,-4.776999754,137.366263114
1730,8142369.917,-279829.405,-4247.29,-4.77670234,137.366705478
1732,8142382.705,-279832.355,-4246.16,-4.776752691,137.36692122
1734,8142397.109,-279824.746,-4246.41,-4.776622819,137.367164224
1737,8142417.365,-279823.385,-4245.13,-4.77659959,137.367505955
1739,8142446.995,-279815.812,-4243.77,-4.776470332,137.368005831
1741,8142458.177,-279812.133,-4243.45,-4.776407538,137.368194478
1746,8142479.801,-279816.201,-4240.71,-4.776476972,137.368559288
1747,8142488.96,-279820.439,-4239.34,-4.776549307,137.368713806
1748,8142492.392,-279824.762,-4239.01,-4.776623093,137.368771706
1751,8142496.727,-279821.204,-4238.5,-4.776562364,137.36884484
1752,8142506.86,-279819.88,-4237.64,-4.776539766,137.36901579
1753,8142531.861,-279826.242,-4236.2,-4.776648353,137.369437572
1754,8142558.158,-279845.769,-4232.98,-4.776981644,137.369881218
1781,8142569.211,-279875.646,-4227.25,-4.777491591,137.370067689
1782,8142578.578,-279883.429,-4225.51,-4.777624433,137.370225716
1785,8142608.8,-279881.357,-4225.94,-4.777589068,137.370735579
1786,8142618.704,-279868.948,-4227.85,-4.777377268,137.370902665
1787,8142628.039,-279858.976,-4228.92,-4.777207064,137.371060153
1788,8142647.221,-279866.146,-4227.54,-4.777329443,137.371383765
1789,8142661.218,-279878.788,-4225.13,-4.77754522,137.371619902
1793,8142681.892,-279882.85,-4224.47,-4.777614551,137.371968685
1794,8142701.924,-279891.991,-4222.52,-4.777770571,137.372306637
1795,8142725.969,-279901.946,-4220.07,-4.777940485,137.372712291
1796,8142735.876,-279915.915,-4217.47,-4.778178911,137.372879428
1798,8142735.863,-279917.007,-4217.306,-4.778197553,137.372879213
1799,8142729.813,-279933.526,-4214.21,-4.778479499,137.372777142
1800,8142723.671,-279958.976,-4209.11,-4.778913885,137.372673522
1802,8142715.137,-279967.948,-4206.93,-4.779067021,137.372529549
1807,8142727.963,-279986.219,-4202.55,-4.779378874,137.372745931
1809,8142728.337,-279994.593,-4200.1,-4.779521804,137.372752241
1812,8142733.091,-279996.879,-4198.86,-4.779560821,137.372832443
1814,8142734.895,-280006.084,-4196.55,-4.779717934,137.372862878
1819,8142723.388,-280019.89,-4195.37,-4.779953578,137.372668748
1822,8142713.056,-280057.744,-4191.61,-4.780599678,137.372494441
1827,8142718.903,-280065.011,-4190.84,-4.780723713,137.372593083
1828,8142734.761,-280090.791,-4186.72,-4.781163731,137.372860617
1829,8142762.87,-280072.061,-4187.56,-4.780844043,137.373334833
1830,8142772.381,-280077.495,-4185.06,-4.780936792,137.373495289
1834,8142779.617,-280088.937,-4182.32,-4.781132086,137.373617365
1837,8142805.278,-280101.826,-4180.42,-4.781352079,137.374050282
1843,8142805.25,-280101.795,-4180.43,-4.781351549,137.374049809
1846,8142816.256,-280120.424,-4177.26,-4.781669513,137.374235487
1848,8142809.165,-280133.056,-4176.74,-4.781885119,137.374115858
1850,8142807.409,-280153.723,-4174.11,-4.782237867,137.374086233
1864,8142782.829,-280159.349,-4174.66,-4.782333893,137.373671554
1867,8142801.782,-280170.4,-4172.23,-4.782522514,137.373991302
1869,8142817.54,-280177.598,-4170.47,-4.78264537,137.374257149
1871,8142824.929,-280184.82,-4168.45,-4.782768637,137.374381806
1873,8142825.425,-280185.057,-4168.34,-4.782772682,137.374390174
1877,8142813.154,-280201.303,-4166.6,-4.783049972,137.374183155
1887,8142815.88,-280226.736,-4163.71,-4.783484068,137.374229144
1889,8142828.224,-280258.674,-4160.11,-4.784029192,137.374437395
1891,8142836.582,-280269.461,-4157.98,-4.784213307,137.374578399
1894,8142854.395,-280267.754,-4157.16,-4.784184171,137.374878915
1896,8142879.615,-280266.081,-4157.04,-4.784155616,137.375304392
1901,8142889.942,-280290.604,-4154.2,-4.78457418,137.375478615
1903,8142885.636,-280289.858,-4154.57,-4.784561447,137.37540597
1905,8142899.392,-280288.011,-4152.91,-4.784529922,137.375638042
1910,8142880.677,-280286.124,-4154.95,-4.784497714,137.375322308
1912,8142883.921,-280290.41,-4154.55,-4.784570869,137.375377037
1923,8142893.67,-280293.897,-4153.57,-4.784630385,137.375541508
1928,8142918.623,-280309.128,-4150.14,-4.784890351,137.37596248
1930,8142925.597,-280327.239,-4149.29,-4.785199473,137.376080136
1939,8142925.113,-280332.455,-4148.66,-4.785288501,137.376071971
1942,8142943.633,-280345.388,-4148.04,-4.785509244,137.376384414
1944,8142937.692,-280358.728,-4147.53,-4.785736934,137.376284186
1946,8142968.286,-280325.94,-4148.2,-4.785177302,137.376800325
1949,8142986.309,-280317.644,-4146.66,-4.785035704,137.377104384
1950,8142992.489,-280298.486,-4146.38,-4.784708711,137.377208645
1962,8143016.023,-280280.828,-4146.8,-4.784407321,137.377605677
1985,8143026.641,-280254.275,-4147.32,-4.783954109,137.377784809
1986,8143055.559,-280219.614,-4150.64,-4.783362508,137.378272674
1989,8143080.268,-280186.737,-4152.64,-4.782801357,137.378689529
1991,8143094.095,-280181.193,-4152.25,-4.782706731,137.378922799
1993,8143118.564,-280158.247,-4154.2,-4.782315084,137.379335606
1996,8143146.233,-280132.204,-4155.42,-4.781870576,137.379802399
1998,8143149.206,-280122.022,-4156.99,-4.781696788,137.379852555
1999,8143155.394,-280107.955,-4159.72,-4.78145669,137.37995695
2003,8143155.335,-280107.86,-4159.74,-4.781455068,137.379955955
2004,8143179.455,-280059.18,-4164.62,-4.780624188,137.380362874
2007,8143206.625,-280075.518,-4160.97,-4.780903048,137.380821248
2009,8143252.081,-280070.019,-4157.05,-4.78080919,137.381588119
2012,8143249.582,-280090.1,-4155.39,-4.781151937,137.381545959
2014,8143255.703,-280101.931,-4152.72,-4.781353871,137.381649224
2017,8143260.457,-280100.395,-4152.82,-4.781327654,137.381729427
2020,8143250.614,-280096.32,-4154.14,-4.781258101,137.381563369
2023,8143246.536,-280084.537,-4156.31,-4.781056986,137.381494571
2027,8143167.818,-280051.163,-4165.89,-4.780487352,137.380166551
2030,8143154.468,-280054.025,-4166.28,-4.780536201,137.379941328
2032,8143137.685,-280051.257,-4168.18,-4.780488956,137.379658189
2034,8143128.604,-280025.092,-4175.97,-4.780042367,137.379504987
2036,8143106.537,-280009.01,-4181.3,-4.779767876,137.379132703
2039,8143076.797,-280040.148,-4179.1,-4.780299346,137.378630971
2040,8143039.65,-280059.65,-4178.56,-4.78063221,137.378004279
2041,8143025.969,-280059.219,-4179.18,-4.780624853,137.377773472
2044,8143005.044,-280063.009,-4180.64,-4.780689542,137.377420455
2045,8143002.674,-280042.026,-4187.41,-4.7803314,137.377380472
2047,8143002.74,-280037.314,-4188.74,-4.780250974,137.377381585
2051,8143002.752,-280036.724,-4188.79,-4.780240904,137.377381788
2052,8142997.458,-280028.702,-4191.28,-4.780103983,137.377292475
2053,8142994.77,-280025.297,-4192.46,-4.780045866,137.377247126
2084,8142994.77,-280025.297,-4192.46,-4.780045866,137.377247126
2086,8142996.792,-280026.1,-4192.04,-4.780059572,137.377281239
2087,8142996.804,-280026.112,-4192.04,-4.780059776,137.377281441
2089,8142990.333,-280027.084,-4192.42,-4.780076367,137.377172271
2092,8143003.724,-280046.032,-4186.24,-4.780399775,137.377398186
2094,8143015.044,-280078.968,-4176.81,-4.780961933,137.377589161
2095,8143041.62,-280103.298,-4170.87,-4.781377203,137.378037514
2098,8143069.201,-280114.078,-4164.82,-4.781561198,137.378502822
2102,8143085.406,-280113.864,-4162.75,-4.781557546,137.378776211
2104,8143119.876,-280072.742,-4165.57,-4.780855667,137.37935774
2107,8143176.685,-280069.676,-4163.77,-4.780803336,137.380316142
2108,8143177.93,-280063.189,-4164.35,-4.780692614,137.380337146
2115,8143177.947,-280062.004,-4164.45,-4.780672388,137.380337433
2116,8143169.237,-280106.809,-4158.98,-4.781437129,137.38019049
2119,8143156.46,-280111.881,-4158.73,-4.781523699,137.379974934
2120,8143158.429,-280112.189,-4158.59,-4.781528956,137.380008153
2126,8143089.537,-280113.077,-4162.55,-4.781544113,137.378845903
2128,8143044.641,-280111.513,-4169.04,-4.781517418,137.37808848
2132,8143043.013,-280108.066,-4169.95,-4.781458584,137.378061015
2156,8143067.646,-280138.115,-4162.06,-4.781971467,137.378476589
2157,8143063.244,-280180.922,-4155.63,-4.782702105,137.378402324
2161,8143059.31,-280211.915,-4151.62,-4.7832311,137.378335955
2163,8143058.656,-280227.353,-4149.87,-4.783494599,137.378324922
2166,8143054.277,-280227.391,-4150.11,-4.783495248,137.378251045
2214,8143054.276,-280227.391,-4150.11,-4.783495247,137.378251026
2218,8143050.294,-280224.333,-4150.72,-4.783443053,137.37818385
2221,8143018.068,-280274.567,-4146.67,-4.784300457,137.377640178
2222,8143013.945,-280281.21,-4146.95,-4.784413841,137.37757062
2250,8143024.985,-280279.029,-4145.77,-4.784376615,137.377756872
2252,8143029.602,-280277.384,-4144.95,-4.784348538,137.377834763
2255,8143037.4,-280280.947,-4144,-4.784409352,137.37796632
2256,8143046.47,-280280.168,-4143.6,-4.784396056,137.378119337
2257,8143048.862,-280275.32,-4143.79,-4.784313309,137.378159691
2296,8143048.059,-280276.247,-4143.728,-4.784329135,137.378146138
2297,8143083.819,-280280.483,-4142.76,-4.784401433,137.378749437
2298,8143109.279,-280299.972,-4141.05,-4.784734075,137.379178962
2299,8143116.332,-280325.915,-4139.85,-4.785176875,137.379297951
2300,8143132.42,-280326.259,-4140.06,-4.785182747,137.379569365
2302,8143157.725,-280318.82,-4141.97,-4.785055776,137.37999627600001
2304,8143159.011,-280324.659,-4141.65,-4.785155437,137.380017971
2306,8143165.282,-280328.823,-4141.14,-4.785226509,137.380123767
2309,8143184.362,-280327.375,-4143,-4.785201795,137.380445658
2311,8143222.135,-280317.565,-4145.4,-4.785034356,137.381082911
2313,8143226.531,-280278.817,-4147.44,-4.784372997,137.381157075
2316,8143236.795,-280256.133,-4148.29,-4.783985822,137.381330235
2320,8143249.202,-280234.191,-4150.33,-4.783611311,137.381539548
2338,8143271.351,-280244.641,-4150.62,-4.783789674,137.381913215
2347,8143271.351,-280244.641,-4150.62,-4.783789674,137.381913215
2350,8143267.162,-280247.07,-4150.45,-4.783831133,137.381842544
2352,8143276.613,-280220.885,-4150.84,-4.783384202,137.382001988
2354,8143292.071,-280202.65,-4152.26,-4.783072963,137.382262774
2357,8143318.413,-280190.977,-4153.89,-4.782873726,137.38270718
2359,8143333.916,-280168.076,-4155.24,-4.782482847,137.382968725
2361,8143353.007,-280153.382,-4157.19,-4.782232047,137.383290801
2364,8143375.052,-280138.71,-4157.84,-4.781981622,137.383662714
2365,8143374.499,-280136.897,-4157.94,-4.781950678,137.383653384
2381,8143374.58,-280136.593,-4157.95,-4.781945489,137.383654751
2407,8143375.164,-280133.656,-4158.09,-4.781895359,137.383664603
2408,8143370.149,-280137.768,-4158,-4.781965544,137.383579997
2412,8143401.062,-280112.986,-4158.15,-4.78154256,137.384101518
2413,8143403.445,-280121.488,-4157.71,-4.781687674,137.384141721
2414,8143404.828,-280115.825,-4157.88,-4.781591016,137.384165053
2416,8143351.445,-280150.605,-4157.02,-4.782184648,137.383264449
2420,8143318.842,-280189.065,-4153.94,-4.782841092,137.382714417
2422,8143319.536,-280187.282,-4154.07,-4.782810659,137.382726125
2429,8143365.371,-280196.553,-4154.15,-4.782968898,137.383499389
2432,8143398.094,-280206.907,-4152.44,-4.783145622,137.384051446
2434,8143413.277,-280239.352,-4150,-4.7836994,137.384307593
2435,8143406.098,-280246.615,-4148.67,-4.783823367,137.384186479
2436,8143390.529,-280257.358,-4148.53,-4.78400673,137.38392382
2439,8143399.004,-280270.375,-4144.81,-4.784228907,137.384066798
2447,8143391.585,-280264.713,-4147.06,-4.784132267,137.383941635
2448,8143378.851,-280292.318,-4145.16,-4.784603435,137.383726805
2449,8143374.779,-280301.42,-4143.91,-4.784758789,137.383658108
2453,8143359.028,-280312.668,-4142.25,-4.784950773,137.38339237899999
2454,8143356.049,-280312.837,-4142.15,-4.784953657,137.383342122
2459,8143357.488,-280314.994,-4141.89,-4.784990473,137.383366398
2463,8143352.717,-280317.477,-4141.33,-4.785032854,137.383285909
2466,8143367.483,-280361.675,-4138.69,-4.785787234,137.38353502
2468,8143358.507,-280371.006,-4138.28,-4.785946497,137.38338359
2473,8143339.082,-280375.012,-4137.02,-4.786014872,137.383055878
2475,8143363.06,-280381.908,-4135.54,-4.786132575,137.383460401
2476,8143361.111,-280383.015,-4135.29,-4.786151469,137.383427521
2477,8143376.363,-280385.163,-4134.37,-4.786188132,137.383684831
2480,8143367.152,-280393.351,-4133.14,-4.786327886,137.383529436
2481,8143367.851,-280387.644,-4133.36,-4.786230478,137.383541228
2555,8143365.487,-280423.054,-4129.62,-4.786834863,137.383501346
2556,8143364.006,-280424.15,-4129.5,-4.78685357,137.383476361
2559,8143359.269,-280442.334,-4126.5,-4.787163938,137.383396445
2563,8143356.764,-280446.308,-4125.82,-4.787231767,137.383354184
2565,8143349.916,-280476.29,-4123.76,-4.787743506,137.383238654
2568,8143362.311,-280509.663,-4119.54,-4.788313122,137.383447765
2570,8143358.551,-280517.989,-4118.14,-4.788455232,137.383384332
2572,8143357.734,-280521.441,-4117.47,-4.788514152,137.383370549
2575,8143335.438,-280506.998,-4120.92,-4.788267636,137.382994402
2577,8143325.49,-280518.059,-4119.31,-4.788456427,137.382826573
2582,8143325.774,-280522.018,-4118.12,-4.788524,137.382831364
2586,8143302.33,-280517.504,-4121.5,-4.788446954,137.38243585
2589,8143297.732,-280523.149,-4121.68,-4.788543304,137.382358279
2590,8143286.566,-280519.134,-4124.29,-4.788474775,137.382169901
2592,8143285.565,-280519.784,-4124.298,-4.788485874,137.382153019
2593,8143261.448,-280544.225,-4123.34,-4.788903034,137.381746146
2595,8143236.497,-280567.049,-4121.66,-4.789292598,137.381325207
2602,8143242.431,-280585.767,-4119.19,-4.789612081,137.381425317
2604,8143251.534,-280594.22,-4117.94,-4.789756358,137.38157889
2606,8143253.584,-280607.535,-4115.99,-4.789983621,137.381613475
2609,8143249.681,-280614.264,-4114.39,-4.790098473,137.381547629
2611,8143226.694,-280610.589,-4110.72,-4.790035747,137.381159825
2613,8143216.644,-280608.986,-4109.56,-4.790008387,137.380990275
2616,8143198.449,-280621.531,-4109.59,-4.790222507,137.380683314
2618,8143186.354,-280640.935,-4108.57,-4.790553699,137.380479264
2633,8143172.372,-280648.205,-4106.4,-4.790677784,137.38024338
2639,8143172.456,-280648.17,-4106.37,-4.790677187,137.380244797
2643,8143206.755,-280626.447,-4109.26,-4.790306415,137.380823442
2645,8143201.222,-280650.581,-4109.49,-4.790718339,137.380730096
2654,8143195.588,-280689.459,-4108.74,-4.791381916,137.380635047
2657,8143179.03,-280732.23,-4104.84,-4.792111939,137.380355704
2658,8143188.415,-280748.813,-4101.82,-4.792394981,137.380514035
2659,8143203.762,-280753.934,-4098.16,-4.792482388,137.380772948
2661,8143208.53,-280761.464,-4095.43,-4.792610911,137.380853387
2664,8143211.234,-280759.628,-4095.37,-4.792579574,137.380899005
2691,8143202.606,-280767.728,-4094.76,-4.792717826,137.380753445
2692,8143204.078,-280768.622,-4093.51,-4.792733085,137.380778279
2693,8143204.64,-280769.412,-4092.79,-4.792746569,137.38078776
2695,8143207.252,-280770.874,-4091.75,-4.792771523,137.380831826
2698,8143214.279,-280781.654,-4088.78,-4.792955518,137.380950376
2700,8143207.694,-280787.064,-4088.46,-4.793047857,137.380839283
2702,8143204.759,-280787.841,-4088.69,-4.793061119,137.380789768
2729,8143199.621,-280785.659,-4089.63,-4.793023876,137.380703087
2732,8143210.313,-280773.606,-4090.9,-4.792818153,137.380883467
2734,8143190.527,-280749.627,-4101.47,-4.792408875,137.380549665
2742,8143199.135,-280707.787,-4105.43,-4.791694742,137.380694888
2745,8143220.673,-280681.779,-4107.76,-4.791250832,137.381058247
2747,8143220.677,-280679.723,-4107.93,-4.79121574,137.381058314
2780,8143256.28,-280671.578,-4107.3,-4.791076719,137.381658958
2781,8143309.808,-280675.144,-4106.57,-4.791137585,137.382562008
2783,8143360.406,-280665.023,-4103.92,-4.790964837,137.383415627
2786,8143401.913,-280624.847,-4105.58,-4.790279106,137.384115875
2788,8143484.533,-280611.158,-4101.55,-4.790045459,137.385509724
2790,8143521.288,-280524.58,-4109.82,-4.788567729,137.386129803
2793,8143567.582,-280514.091,-4105.89,-4.7883887,137.386910811
2795,8143633.094,-280558.085,-4098.64,-4.789139599,137.388016038
2797,8143643.438,-280586.431,-4092.47,-4.789623414,137.388190548
2800,8143643.813,-280584.134,-4093.01,-4.789584208,137.388196874
2802,8143679.75,-280546.759,-4099.07,-4.788946284,137.388803153
2804,8143692.708,-280549.086,-4098.84,-4.788986002,137.389021763
2813,8143718.623,-280517.55,-4101.68,-4.788447739,137.389458964
2816,8143749.924,-280488.788,-4107.76,-4.787956824,137.389987031
2817,8143825.851,-280432.279,-4113.69,-4.786992317,137.391267966
2820,8143814.027,-280403.248,-4117.48,-4.78649681,137.391068487
2822,8143812.83,-280403.473,-4117.38,-4.786500651,137.391048293
2824,8143818.847,-280341.454,-4126.49,-4.785442098,137.391149804
2829,8143818.118,-280328.216,-4128.06,-4.785216149,137.391137505
2904,8143818.458,-280329.023,-4127.91,-4.785229923,137.391143241
2923,8143841.113,-280376.786,-4121.14,-4.786045151,137.391525445
2924,8143839.766,-280378.016,-4120.56,-4.786066145,137.39150272
2926,8143869.895,-280378.197,-4120.55,-4.786069235,137.392011014
2929,8143861.904,-280386.536,-4118.32,-4.786211566,137.391876201
2931,8143883.679,-280398.084,-4115.9,-4.78640867,137.392243559
2933,8143903.543,-280418.919,-4112.56,-4.786764286,137.392578677
2936,8143935.99,-280399.918,-4114.41,-4.786439973,137.393126077
2938,8143960.706,-280380.677,-4113.44,-4.786111564,137.393543051
2940,8143964.756,-280378.878,-4112.88,-4.786080858,137.393611377
2943,8143975.329,-280378.56,-4110.45,-4.78607543,137.39378975
2947,8143952.763,-280429.559,-4109.79,-4.786945892,137.393409048
2950,8143970.702,-280446.225,-4104.92,-4.78723035,137.39371169
2951,8143996.363,-280461.554,-4103.67,-4.787491989,137.394144606
2956,8144046.441,-280504.903,-4097.69,-4.788231878,137.394989452
2958,8144088.236,-280528.603,-4092.22,-4.788636394,137.395694559
2959,8144113.832,-280540.242,-4090.73,-4.788835051,137.396126379
2965,8144176.383,-280546.21,-4088.51,-4.788936914,137.397181652
2967,8144228.521,-280565.851,-4086.48,-4.78927215,137.398061252
2970,8144244.007,-280579.208,-4084.33,-4.78950013,137.39832251
2972,8144244.948,-280585.748,-4083.39,-4.789611756,137.398338385
2977,8144252.585,-280607.299,-4081.83,-4.789979593,137.398467226
2979,8144263.369,-280630.746,-4080.32,-4.790379791,137.398649159
2991,8144262.184,-280632.174,-4080.23,-4.790404164,137.398629167
2995,8144252.106,-280610.468,-4081.62,-4.790033682,137.398459145
3000,8144255.015,-280553.316,-4087.02,-4.7890582,137.398508222
3005,8144330.355,-280562.689,-4085.38,-4.789218181,137.399779253
3008,8144412.452,-280577.217,-4083.78,-4.789466147,137.401164279
3011,8144455.787,-280579.693,-4081.32,-4.789508408,137.401895367
3013,8144486.549,-280601.358,-4078.93,-4.789878191,137.40241434
3015,8144531.674,-280578.136,-4078.87,-4.789481833,137.403175626
3018,8144630.357,-280584.371,-4078.32,-4.789588253,137.404840468
3020,8144653.767,-280587.139,-4077.73,-4.789635498,137.405235409
3022,8144675.481,-280594.646,-4077.1,-4.789763629,137.405601738
3025,8144704.949,-280576.629,-4079.46,-4.789456111,137.406098881
3026,8144723.78,-280581.399,-4079.47,-4.789537527,137.406416571
3027,8144765.609,-280599.706,-4077.33,-4.789849994,137.407122251
3028,8144796.78,-280591.853,-4078.68,-4.789715958,137.407648125
3032,8144824.532,-280585.707,-4080.67,-4.789611056,137.408116318
3036,8144872.624,-280593.793,-4081.48,-4.78974907,137.408927659
3038,8144912.311,-280596.678,-4081.89,-4.789798312,137.409597203
3040,8144931.35,-280598.766,-4081.89,-4.78983395,137.409918402
3042,8144963.68,-280601.519,-4082.35,-4.789880939,137.410463829
3045,8145034.692,-280623.539,-4080.72,-4.79025678,137.411661844
3047,8145084.536,-280657.448,-4076.49,-4.790835546,137.412502743
3049,8145087.931,-280682.142,-4073.71,-4.791257028,137.412560019
3052,8145086.979,-280688.547,-4072.91,-4.79136635,137.412543958
3072,8145086.171,-280692.369,-4072.46,-4.791431584,137.412530326
3074,8145101.144,-280693.416,-4071.58,-4.791449455,137.41278293
3076,8145073.971,-280687.054,-4073.98,-4.791340867,137.412324505
3079,8145062.424,-280690.728,-4073.5,-4.791403575,137.4121297
3081,8145053.796,-280704.162,-4072.35,-4.791632869,137.41198414
3083,8145051.999,-280723.752,-4069.22,-4.791967235,137.411953824
3086,8145076.188,-280712.743,-4066.51,-4.791779332,137.412361907
3088,8145077.344,-280708.838,-4066.48,-4.79171268,137.412381409
3109,8145047.802,-280722.587,-4069.79,-4.791947351,137.411883018
3110,8145047.628,-280722.477,-4069.98,-4.791945473,137.411880083
3113,8145048.798,-280724.474,-4069.45,-4.791979559,137.411899821
3117,8145050.983,-280739.487,-4066.36,-4.792235803,137.411936683
3120,8145045.114,-280775.031,-4064.32,-4.792842475,137.41183767
3136,8145005.562,-280822.357,-4062.6,-4.793650244,137.411170404
3138,8144963.545,-280843.612,-4065.48,-4.794013029,137.410461551
3140,8144904.388,-280874.406,-4067.16,-4.794538627,137.409463537
3143,8144859.541,-280906.878,-4064.18,-4.795092865,137.408706941
3145,8144831.367,-280947.184,-4060.02,-4.795780815,137.408231629
3147,8144803.147,-280972.667,-4058.01,-4.796215764,137.40775554
3149,8144745.584,-280975.452,-4056.57,-4.796263299,137.406784418
3151,8144715.965,-280989.725,-4054.15,-4.796506913,137.406284727
3154,8144675.659,-281018.367,-4049.66,-4.79699578,137.40560474
3156,8144641.506,-281046.678,-4046.31,-4.797478998,137.405028559
3158,8144602.649,-281057.315,-4045.05,-4.797660552,137.404373018
3161,8144552.21,-281069.061,-4042.78,-4.797861035,137.403522081
3163,8144550.694,-281075.757,-4041.23,-4.797975323,137.403496505
3165,8144551.005,-281076.192,-4041.25,-4.797982748,137.403501752
3183,8144550.895,-281072.469,-4041.83,-4.797919203,137.403499896
3185,8144524.545,-281074.017,-4042.61,-4.797945625,137.403055356
3188,8144498.911,-281088.373,-4040.37,-4.798190656,137.402622895
3190,8144469.89,-281106.103,-4037.32,-4.798493275,137.402133293
3192,8144444.86,-281105.747,-4038.13,-4.798487198,137.401711022
3195,8144422.298,-281103.125,-4038.53,-4.798442445,137.401330387
3197,8144388.399,-281115.774,-4036.5,-4.798658341,137.400758491
3199,8144376.55,-281122.386,-4036,-4.798771196,137.400558591
3202,8144354.73,-281135.33,-4035.19,-4.798992126,137.400190474
3203,8144339.055,-281155.29,-4032.86,-4.799332807,137.399926027
3204,8144310.456,-281170.248,-4030.93,-4.799588113,137.399443545
3206,8144305.041,-281167.439,-4031.31,-4.799540169,137.399352191
3209,8144286.616,-281168.002,-4030.89,-4.799549778,137.39904135
3210,8144263.114,-281181.779,-4028.63,-4.799784926,137.398644857
3211,8144245.903,-281187.718,-4026.99,-4.799886294,137.398354497
3212,8144223.015,-281208.506,-4024.33,-4.800241108,137.397968362
3216,8144204.983,-281234.333,-4020.64,-4.800681928,137.397664152
3217,8144164.375,-281218.25,-4017.98,-4.80040742,137.39697907
3219,8144135.233,-281208.614,-4015.58,-4.800242951,137.396487427
3222,8144129.776,-281201.578,-4015.23,-4.800122859,137.396395364
3247,8144125.1,-281208.465,-4014.48,-4.800240408,137.396316477
3274,8144112.563,-281221.399,-4011.28,-4.800461168,137.39610497
3277,8144109.55,-281239.96,-4009.05,-4.80077797,137.396054139
3278,8144100.942,-281260.161,-4007.21,-4.801122765,137.395908917
3279,8144085.369,-281284.117,-4004.55,-4.80153165,137.395646191
3280,8144071.511,-281310.76,-4000.96,-4.801986398,137.395412398
3284,8144055.678,-281350.808,-3994.56,-4.802669944,137.395145286
3285,8144046.823,-281356.41,-3992,-4.80276556,137.394995897
3286,8144048.56,-281362.367,-3991.11,-4.802867235,137.395025201
3312,8144022.38,-281346.098,-3990.42,-4.802589553,137.394583529
3313,8144017.151,-281342.458,-3989.54,-4.802527425,137.394495312
3318,8144023.229,-281385.705,-3984.09,-4.803265573,137.394597852
3319,8144023.673,-281405.775,-3980.14,-4.803608131,137.394605342
3322,8144007.35,-281417.113,-3976.57,-4.80380165,137.394329963
3324,8144006.276,-281415.888,-3975.44,-4.803780741,137.394311844
3326,8144012.931,-281430.835,-3974.37,-4.804035859,137.394424118
3329,8144028.9,-281448.681,-3975.19,-4.804340458,137.394693525
3331,8144024.179,-281490.238,-3973.11,-4.805049761,137.394613879
3333,8144009.343,-281545.343,-3968.71,-4.805990302,137.394363587
3345,8143997.965,-281568.865,-3964.65,-4.80639178,137.394171633
3347,8143993.7,-281580.95,-3962.17,-4.806598049,137.39409968
3349,8143987.056,-281619.429,-3956.43,-4.807254815,137.393987591
3351,8143986.873,-281620.29,-3956.02,-4.807269511,137.393984504
3353,8143963.6,-281625.134,-3954.79,-4.807352189,137.393591874
3354,8143963.043,-281626.085,-3954.7,-4.807368421,137.393582478
3356,8143982.382,-281639.11,-3952.22,-4.807590734,137.393908738
3359,8143979.637,-281639.145,-3951.99,-4.807591331,137.393862428
3361,8143979.69,-281638.964,-3951.97,-4.807588242,137.393863323
3363,8143970.663,-281627.57,-3954.62,-4.807393767,137.393711032
3365,8143969.053,-281628.846,-3954.12,-4.807415546,137.39368387
3367,8143969.058,-281628.594,-3954.1,-4.807411245,137.393683954
3369,8143969.218,-281624.903,-3955.08,-4.807348246,137.393686654
3372,8143965.428,-281625.556,-3954.88,-4.807359392,137.393622714
3376,8143956.553,-281622.849,-3954.92,-4.807313188,137.393472987
3379,8143993.135,-281586.337,-3961.45,-4.806689995,137.394090148
3381,8143968.555,-281544.993,-3965.05,-4.805984329,137.393675468
3383,8143953.19,-281527.607,-3964.62,-4.805687581,137.393416251
3386,8143935.853,-281526.301,-3962.22,-4.80566529,137.393123766
3387,8143930.602,-281515.31,-3962.37,-4.805477694,137.393035178
3390,8143904.048,-281505.894,-3964.45,-4.80531698,137.392587196
3393,8143899.37,-281503.054,-3964.72,-4.805268506,137.392508276
3397,8143885.369,-281504.863,-3966.38,-4.805299383,137.39227207
3400,8143872.836,-281498.392,-3968.21,-4.805188934,137.392060631
3401,8143871.395,-281497.818,-3968.41,-4.805179137,137.39203632
3403,8143867.865,-281495.77,-3969.01,-4.805144182,137.391976767
3406,8143864.611,-281493.195,-3969.74,-4.805100231,137.39192187
3413,8143847.764,-281470.621,-3975.22,-4.804714934,137.391637651
3415,8143833.124,-281472.105,-3975.6,-4.804740263,137.391390665
3417,8143819.44,-281477.814,-3976.12,-4.804837705,137.391159808
3420,8143807.259,-281476.176,-3977.51,-4.804809748,137.390954307
3424,8143814.519,-281478.825,-3976.18,-4.804854961,137.391076788
3435,8143833.699,-281472.214,-3975.51,-4.804742124,137.391400366
3436,8143865.828,-281494.658,-3969.3,-4.805125202,137.391942402
3437,8143865.808,-281494.231,-3969.38,-4.805117914,137.391942064
3440,8143867.527,-281500.705,-3968.22,-4.805228413,137.391971065
3444,8143882.098,-281502.338,-3967,-4.805256285,137.392216886
3447,8143882.766,-281503.078,-3967.15,-4.805268916,137.392228156
3449,8143893.599,-281511.974,-3964.35,-4.805420754,137.392410915
3454,8143928.391,-281516.26,-3962.3,-4.805493909,137.392997877
3456,8143934.596,-281523.107,-3961.97,-4.805610774,137.393102559
3458,8143939.74,-281543.11,-3960,-4.805952189,137.393189342
3461,8143964.598,-281568.876,-3961.43,-4.806391968,137.393608711
3462,8143995.597,-281585.112,-3961.43,-4.806669087,137.394131683
3463,8144028.023,-281622.198,-3955.68,-4.807302077,137.394678729
3465,8144041.194,-281645.33,-3951.17,-4.807696898,137.394900932
3467,8144046.364,-281655.856,-3948.22,-4.807876558,137.394988153
3469,8144065.485,-281690.364,-3943.66,-4.808465546,137.395310736
3472,8144081.28,-281714.018,-3938.19,-4.808869277,137.395577207
3474,8144077.49,-281720.697,-3937.08,-4.808983275,137.395513268
3476,8144068.737,-281725.723,-3935.35,-4.80906906,137.395365599
3478,8144061.278,-281756.181,-3930.39,-4.809588922,137.395239761
3481,8144075.052,-281768.869,-3927.48,-4.809805483,137.395472137
3483,8144090.291,-281787.81,-3924.81,-4.810128771,137.395729228
3485,8144097.526,-281825.831,-3920.18,-4.81077772,137.395851287
3489,8144121.422,-281829.901,-3919.5,-4.810847188,137.396254427
3492,8144129.509,-281848.51,-3916.3,-4.811164809,137.39639086
3495,8144135.972,-281880.055,-3912.76,-4.811703225,137.396499894
3504,8144135.972,-281880.055,-3912.76,-4.811703225,137.396499894
3506,8144150.13,-281881.365,-3910.9,-4.811725584,137.396738748
3509,8144155.236,-281887.732,-3909.96,-4.811834257,137.39682489
3530,8144152.627,-281910.951,-3909.06,-4.812230563,137.396780874
3531,8144167.036,-281954.963,-3903.44,-4.812981767,137.397023963
3533,8144171.198,-281964.797,-3901.99,-4.813149616,137.397094178
3536,8144151.154,-281984.643,-3898.94,-4.813488351,137.396756024
3537,8144157.044,-281990.807,-3897.65,-4.813593559,137.396855392
3540,8144167.166,-282000.351,-3895.35,-4.813756457,137.397026156
3543,8144179.997,-282008.804,-3892.96,-4.813900735,137.397242623
3544,8144184.698,-281985.481,-3897.49,-4.813502654,137.397321931
3545,8144200.906,-281990.038,-3897.15,-4.813580433,137.39759537
3546,8144214.643,-282008.929,-3893.81,-4.813902868,137.397827122
3549,8144215.403,-282014.057,-3892.31,-4.813990394,137.397839943
3551,8144227.475,-282027.921,-3891.17,-4.814227027,137.398043605
3553,8144240.008,-282045.111,-3889.56,-4.814520428,137.398255045
3556,8144239.092,-282049.327,-3888.41,-4.814592388,137.398239591
3558,8144249.831,-282052.767,-3887.26,-4.814651102,137.398420765
3560,8144262.354,-282050.668,-3887.24,-4.814615276,137.398632035
3563,8144263.519,-282065.889,-3887.44,-4.814875071,137.398651689
3564,8144275.833,-282090.979,-3889.6,-4.815303311,137.398859434
3565,8144277.616,-282094.007,-3888.48,-4.815354994,137.398889514
3567,8144274.562,-282098.084,-3888.82,-4.81542458,137.398837992
3570,8144295.299,-282105.754,-3887.99,-4.815555493,137.399187837
3571,8144307.874,-282122.304,-3886,-4.815837971,137.399399985
3572,8144313.747,-282128.08,-3885.31,-4.815936557,137.399499066
3574,8144329.245,-282153.99,-3883.86,-4.816378793,137.399760527
3576,8144332.838,-282164.68,-3882.53,-4.816561252,137.399821143
3579,8144330.446,-282169.57,-3882.08,-4.816644715,137.399780788
3580,8144320.276,-282173.886,-3881.35,-4.816718382,137.399609214
3592,8144320.607,-282173.741,-3881.32,-4.816715907,137.399614799
3594,8144315.182,-282176.914,-3880.8,-4.816770064,137.399523275
3597,8144307.677,-282185.728,-3879.93,-4.816920503,137.399396662
3601,8144299.847,-282193.578,-3879.77,-4.817054488,137.399264565
3603,8144300.018,-282193.439,-3879.81,-4.817052115,137.39926745
3606,8144300.248,-282193.834,-3879.79,-4.817058857,137.39927133
3608,8144300.586,-282193.618,-3879.79,-4.817055171,137.399277032
3626,8144283.722,-282194.014,-3879.57,-4.81706193,137.398992526
3628,8144265.095,-282198.978,-3879.39,-4.817146656,137.398678277
3631,8144217.76,-282231.555,-3873.7,-4.817702685,137.397879707
3633,8144196.787,-282234.678,-3869.78,-4.817755989,137.39752588
3635,8144156.257,-282230.839,-3863.05,-4.817690465,137.396842115
3638,8144141.816,-282224.236,-3860.26,-4.817577764,137.396598486
3639,8144136.121,-282215.112,-3860.13,-4.817422034,137.396502408
3640,8144136.581,-282215.352,-3860.25,-4.81742613,137.396510169
3642,8144134.248,-282216.641,-3859.66,-4.817448131,137.396470809
3645,8144127.994,-282217.009,-3859.06,-4.817454412,137.396365301
3646,8144075.725,-282208.951,-3855.31,-4.817316877,137.395483491
3648,8144072.484,-282198.508,-3854.57,-4.817138634,137.395428813
3651,8144029.951,-282192.778,-3851.1,-4.817040833,137.394711256
3653,8144028.274,-282187.34,-3852.69,-4.816948017,137.394682964
3655,8144027.753,-282187.1,-3852.37,-4.81694392,137.394674174
3658,8144062.217,-282192.898,-3855.12,-4.817042881,137.395255603
3665,8144106.445,-282208.827,-3859.37,-4.81731476,137.396001756
3667,8144124.722,-282216.677,-3858.77,-4.817448745,137.3963101
3672,8144134.131,-282227.326,-3859.47,-4.817630504,137.396468836
3687,8144136.026,-282212.233,-3860.02,-4.817372894,137.396500805
3690,8144140.427,-282217.252,-3861.2,-4.81745856,137.396575053
3700,8144151.526,-282238.365,-3861.23,-4.81781892,137.3967623
3703,8144176.784,-282266.168,-3862.87,-4.818293466,137.397188417
3706,8144210.348,-282320.819,-3861.86,-4.819226258,137.397754662
3708,8144207.745,-282343.873,-3858.95,-4.819619747,137.397710748
3714,8144212.275,-282358.231,-3857.89,-4.819864812,137.397787172
3715,8144209.517,-282357.533,-3857.89,-4.819852898,137.397740643
3721,8144219.056,-282380.168,-3857.36,-4.820239236,137.397901572
3724,8144225.436,-282405.511,-3856.72,-4.820671795,137.398009206
3727,8144230.246,-282409.344,-3856.53,-4.820737217,137.398090354
3728,8144228.338,-282434.027,-3855.44,-4.82115851,137.398058165
3730,8144231.921,-282442.827,-3855.2,-4.82130871,137.398118612
3733,8144201.829,-282359.517,-3857.84,-4.819886762,137.397610942
3735,8144209.771,-282359.649,-3857.87,-4.819889015,137.397744928
3744,8144230.683,-282452.357,-3855.01,-4.82147137,137.398097726
3748,8144237.68,-282476.863,-3853.6,-4.821889642,137.39821577
3749,8144237.308,-282485.408,-3853.15,-4.822035489,137.398209494
3771,8144238.631,-282488.513,-3852.73,-4.822088486,137.398231814
3774,8144229.862,-282496.905,-3850.37,-4.822231722,137.398083875
3776,8144226.997,-282510.146,-3848.23,-4.822457721,137.398035541
3778,8144224.611,-282519.419,-3846.67,-4.822615994,137.397995288
3781,8144213.602,-282537.09,-3843.54,-4.822917606,137.397809559
3783,8144219.378,-282552.179,-3841.25,-4.823175147,137.397907004
3796,8144235.537,-282565.181,-3838.35,-4.823397067,137.398179616
3797,8144237.321,-282568.156,-3837.57,-4.823447845,137.398209713
3799,8144242.199,-282577.251,-3835.01,-4.82360308,137.398292008
3801,8144245.072,-282580.205,-3833.65,-4.823653499,137.398340477
3803,8144243.452,-282578.004,-3834.69,-4.823615932,137.398313147
3805,8144245.716,-282583.782,-3832.58,-4.823714552,137.398351342
3808,8144242.92,-282596.326,-3831.42,-4.823928655,137.398304172
3810,8144253.7,-282610.763,-3829.48,-4.824175068,137.398486037
3812,8144260.117,-282624.517,-3826.9,-4.824409823,137.398594296
3815,8144260.942,-282626.188,-3826.1,-4.824438344,137.398608214
3839,8144245.237,-282648.067,-3820.91,-4.824811778,137.398343261
3843,8144247.939,-282650.899,-3820.13,-4.824860116,137.398388845
3846,8144250.415,-282654.332,-3819.68,-4.82491871,137.398430617
3849,8144250.698,-282653.886,-3819.56,-4.824911098,137.398435391
3851,8144251.03,-282652.771,-3820.1,-4.824892067,137.398440992
3853,8144254.343,-282654.212,-3819.97,-4.824916662,137.398496885
3856,8144254.339,-282654.02,-3819.96,-4.824913385,137.398496817
3857,8144259.764,-282647.366,-3821.93,-4.824799814,137.39858834
3858,8144276.882,-282644.65,-3822.93,-4.824753457,137.398877131
3860,8144296.612,-282651.778,-3822.29,-4.824875118,137.399209988
3864,8144333.301,-282659.21,-3821.19,-4.825001969,137.399828954
3865,8144348.646,-282662.923,-3819.12,-4.825065343,137.400087833
3867,8144360.196,-282650.242,-3822.33,-4.824848902,137.400282689
3870,8144386.188,-282655.365,-3819.49,-4.824936342,137.40072119
3871,8144423.599,-282676.439,-3813.06,-4.825296036,137.401352336
3873,8144427.723,-282686.687,-3812.05,-4.825470951,137.40142191
3878,8144434.903,-282696.66,-3811.17,-4.825641171,137.401543041
3880,8144398.334,-282718.642,-3808.08,-4.826016363,137.4009261
3885,8144396.372,-282718.608,-3807.99,-4.826015783,137.400893
3887,8144383.375,-282714.023,-3808.24,-4.825937526,137.400673733
3890,8144356.838,-282708.804,-3809.04,-4.825848447,137.400226037
3892,8144332.872,-282723.147,-3806.55,-4.826093256,137.399821716
3894,8144313.402,-282724.946,-3805.64,-4.826123961,137.399493246
3897,8144293.255,-282734.841,-3803.18,-4.82629285,137.399153354
3898,8144282.586,-282742.664,-3800.88,-4.826426375,137.398973361
3899,8144290.942,-282762.462,-3798.4,-4.82676429,137.399114332
3901,8144313.907,-282779.863,-3797.46,-4.827061293,137.399501765
3904,8144322.857,-282793.954,-3796.03,-4.8273018,137.399652757
3905,8144351.75,-282810.693,-3795.87,-4.827587504,137.4001402
3906,8144364.588,-282812.497,-3796.82,-4.827618295,137.400356785
3908,8144375.412,-282828.667,-3795.17,-4.827894287,137.400539392
3910,8144384.32,-282842.199,-3794,-4.828125253,137.400689675
3912,8144390.193,-282866.28,-3790.11,-4.828536271,137.400788756
3914,8144409.634,-282895.288,-3785.94,-4.829031384,137.401116738
3917,8144392.025,-282915.169,-3779.13,-4.829370716,137.400819663
3919,8144380.736,-282935.195,-3771.88,-4.829712523,137.400629211
3921,8144384.113,-282936.604,-3772.43,-4.829736572,137.400686183
3924,8144382.95,-282938.188,-3771.69,-4.829763608,137.400666563
3928,8144380.63,-282937.754,-3771.06,-4.8297562,137.400627423
3931,8144432.505,-282950.238,-3777.83,-4.829969279,137.401502585
3934,8144453.509,-282963.053,-3778.24,-4.830188007,137.401856936
3938,8144475.395,-282982.639,-3777.65,-4.830522304,137.402226166
3940,8144485.628,-283004.035,-3775.2,-4.830887494,137.402398803
3941,8144499.264,-283019.536,-3774.39,-4.831152068,137.40262885
3944,8144519.79,-283033.679,-3773.52,-4.831393462,137.402975136
3946,8144539.617,-283049.662,-3772.55,-4.831666263,137.40330963
3948,8144563.244,-283068.718,-3771.13,-4.831991513,137.403708231
3951,8144586.085,-283080.044,-3770.68,-4.832184827,137.404093573
3955,8144590.823,-283082.331,-3770.38,-4.832223862,137.404173506
3958,8144612.661,-283100.041,-3768.32,-4.832526139,137.404541926
3960,8144616.302,-283106.617,-3767.07,-4.832638379,137.404603352
3967,8144614.81,-283118.325,-3765.27,-4.832838213,137.404578181
3972,8144613.218,-283124.052,-3764.33,-4.832935962,137.404551323
3974,8144613.28,-283124.1,-3764.33,-4.832936781,137.404552369
4028,8144617.59,-283127.043,-3763.95,-4.832987013,137.404625081
4030,8144632.55,-283134.107,-3763.33,-4.833107582,137.404877466
4035,8144641.823,-283149.767,-3761.6,-4.833374869,137.405033907
4037,8144645.76,-283158.501,-3760.83,-4.833523942,137.405100326
4040,8144651.875,-283163.119,-3760.25,-4.833602763,137.40520349
4042,8144651.875,-283163.119,-3760.25,-4.833602763,137.40520349
4044,8144655.032,-283167.066,-3759.96,-4.833670131,137.405256751
4054,8144655.524,-283168.382,-3759.8,-4.833692593,137.405265051
4057,8144657.261,-283171.614,-3759.45,-4.833747757,137.405294355
4060,8144657.136,-283171.506,-3759.59,-4.833745914,137.405292246
4062,8144654.857,-283184.182,-3758.14,-4.833962269,137.405253798
4064,8144654.916,-283184.41,-3758.14,-4.833966161,137.405254794
4068,8144683.172,-283189.57,-3758.14,-4.834054233,137.405731489
4071,8144690.278,-283186.544,-3757.96,-4.834002584,137.405851372
4074,8144701.132,-283203.976,-3755.65,-4.834300116,137.406034485
4076,8144699.816,-283221.922,-3753.91,-4.834606421,137.406012284
4078,8144693.931,-283254.401,-3749.53,-4.835160777,137.405913
4080,8144689.377,-283288.774,-3743.13,-4.835747461,137.405836171
4083,8144697.16,-283297.946,-3740.54,-4.83590401,137.405967475
4084,8144703.162,-283305.541,-3738.48,-4.836033642,137.406068733
4088,8144709.071,-283317.444,-3737.1,-4.836236804,137.406168421
4089,8144709.091,-283317.486,-3737.1,-4.836237521,137.406168759
4094,8144719.822,-283319.202,-3736.2,-4.83626681,137.406349797
4096,8144737.101,-283323.742,-3735.13,-4.836344299,137.406641304
4098,8144757.001,-283332.478,-3733.53,-4.836493407,137.406977029
4102,8144779.34,-283340.033,-3730.01,-4.836622357,137.407353902
4128,8144782.605,-283344.868,-3728.7,-4.836704881,137.407408984
4130,8144781.297,-283356.897,-3727.75,-4.836910194,137.407386917
4132,8144783.561,-283373.013,-3726.25,-4.837185264,137.407425113
4135,8144788.677,-283392.793,-3724.29,-4.837522872,137.407511423
4137,8144783.6,-283418.067,-3722.68,-4.837954252,137.40742577
4139,8144783.58,-283432.467,-3720.87,-4.838200033,137.407425433
4142,8144782.229,-283435.432,-3720.29,-4.83825064,137.407402641
4144,8144785.494,-283455.548,-3718.11,-4.838593983,137.407457723
4146,8144785.12,-283464.97,-3717.27,-4.838754799,137.407451414
4148,8144790.667,-283479.069,-3715.82,-4.838995442,137.407544995
4151,8144788.88,-283495.32,-3714.78,-4.839272817,137.407514847
4152,8144785.603,-283502.077,-3714.23,-4.839388146,137.407459562
4155,8144778.401,-283516.857,-3712.93,-4.839640413,137.40733806
4158,8144792.925,-283526.576,-3710.85,-4.839806298,137.407583089
4159,8144799.021,-283537.078,-3708.95,-4.839985548,137.407685932
4162,8144809.67,-283542.746,-3707.07,-4.84008229,137.407865587
4164,8144821.249,-283549.785,-3705.37,-4.840202433,137.408060932
4166,8144840.555,-283564.668,-3701.85,-4.840456458,137.408386636
4169,8144842.526,-283567.391,-3701.16,-4.840502934,137.408419888
4171,8144842.594,-283567.223,-3701.16,-4.840500067,137.408421035
4176,8144870.286,-283581.192,-3699.01,-4.840738492,137.408888216
4178,8144883.579,-283609.25,-3692.59,-4.84121739,137.409112477
4180,8144862.931,-283608.727,-3692.7,-4.841208463,137.408764132
4183,8144843.635,-283621.17,-3690.29,-4.841420842,137.40843859700001
4185,8144854.85,-283633.706,-3689.92,-4.841634808,137.408627801
4187,8144863.583,-283637.158,-3689.9,-4.841693727,137.408775132
4190,8144879.496,-283658.361,-3687.46,-4.842055623,137.409043594
4191,8144900.549,-283664.735,-3685.06,-4.842164415,137.409398771
4193,8144902.639,-283673.725,-3683.34,-4.842317858,137.40943403
4197,8144872.823,-283678.737,-3686.78,-4.842403403,137.408931016
4200,8144868.849,-283671.322,-3688.38,-4.842276843,137.408863973
4210,8144868.588,-283672.047,-3688.18,-4.842289217,137.408859569
4237,8144863.48,-283680.731,-3686.78,-4.842437437,137.408773394
4241,8144861.939,-283683.09,-3686.66,-4.842477701,137.408747397
4244,8144863.693,-283702.704,-3682.82,-4.842812475,137.408776988
4246,8144862.439,-283725.395,-3679.52,-4.843199768,137.408755832
4251,8144869.664,-283752.555,-3676.86,-4.843663339,137.408877722
4253,8144874.641,-283767.626,-3675.1,-4.843920572,137.408961687
4255,8144884.518,-283766.869,-3673.38,-4.843907652,137.409128318
4282,8144883.243,-283765.92,-3673.48,-4.843891454,137.409106808
4287,8144869.391,-283752.508,-3676.89,-4.843662536,137.408873117
4289,8144862.115,-283726.774,-3679.04,-4.843223305,137.408750366
4293,8144857.546,-283722.6,-3680.93,-4.843152063,137.408673284
4294,8144858.367,-283722.251,-3680.95,-4.843146106,137.408687135
4296,8144856.756,-283772.494,-3679.8,-4.84400366,137.408659956
4298,8144849.792,-283785.105,-3679.66,-4.844218906,137.40854247
4301,8144842.355,-283781.37,-3680.07,-4.844155157,137.408417003
4302,8144832.781,-283772.955,-3680.74,-4.844011528,137.408255484
4306,8144824.773,-283748.368,-3685.05,-4.843591874,137.408120384
4307,8144795.669,-283736.176,-3689,-4.84338378,137.407629382
4309,8144796.27,-283735.616,-3689.07,-4.843374221,137.407639521
4312,8144790.029,-283736.828,-3689.65,-4.843394908,137.407534232
4314,8144828.752,-283739.308,-3685.31,-4.843437237,137.408187512
4316,8144828.478,-283739.315,-3685.34,-4.843437356,137.408182889
4319,8144778.774,-283739.369,-3690.53,-4.843438278,137.407344353
4321,8144770.136,-283736.637,-3690.7,-4.843391648,137.407198625
4323,8144759.679,-283724.352,-3692.15,-4.843181966,137.407022209
4326,8144759.378,-283699.828,-3694.32,-4.842763387,137.407017131
4328,8144755.056,-283675.328,-3697.14,-4.842345218,137.406944216
4329,8144744.878,-283640.861,-3701.16,-4.84175693,137.406772507
4332,8144704.943,-283613.777,-3706.31,-4.841294657,137.406098779
4334,8144692.176,-283574.724,-3711.63,-4.840628095,137.405883392
4336,8144667.633,-283566.436,-3712.78,-4.840486634,137.405469337
4339,8144650.78,-283549.916,-3714.63,-4.840204669,137.405185017
4342,8144634.119,-283524.475,-3718.33,-4.839770438,137.404903936
4343,8144626.805,-283507.708,-3720.06,-4.839484257,137.404780544
4346,8144619.788,-283488.475,-3721.93,-4.839155985,137.404662163
4350,8144618.974,-283487.227,-3722.03,-4.839134684,137.40464843
4353,8144611.541,-283469.616,-3723.72,-4.838834097,137.404523031
4355,8144611.006,-283460.566,-3724.82,-4.838679631,137.404514005
4357,8144591.802,-283465.621,-3724.48,-4.83876591,137.404190022
4360,8144569.053,-283468.804,-3724.69,-4.838820238,137.403806233
4362,8144555.053,-283480.231,-3723.77,-4.839015276,137.403570044
4367,8144539.104,-283492.943,-3722.47,-4.839232246,137.403300975
4369,8144510.14,-283496.955,-3722.44,-4.839300723,137.402812335
4371,8144489.048,-283509.279,-3721.69,-4.839511071,137.4024565
4374,8144458.215,-283529.356,-3720.1,-4.839853748,137.401936329
4380,8144410.626,-283537.052,-3720.31,-4.839985104,137.401133473
4382,8144361.673,-283529.311,-3722.46,-4.83985298,137.400307607
4384,8144319.319,-283527.282,-3724.48,-4.839818349,137.399593069
4387,8144302.368,-283530.254,-3724.83,-4.839869075,137.399307096
4389,8144282.718,-283533.832,-3724.64,-4.839930145,137.398975588
4391,8144264.785,-283522.267,-3727.89,-4.839732752,137.398673048
4394,8144235.339,-283523.374,-3730.87,-4.839751646,137.398176276
4396,8144221.478,-283525.78,-3731.47,-4.839792712,137.397942432
4398,8144200.3,-283535.05,-3733.33,-4.839950934,137.397585147
4414,8144164.221,-283543.709,-3734.71,-4.840098727,137.396976472
4417,8144158.417,-283566.369,-3733.77,-4.840485491,137.396878555
4425,8144146.072,-283602.166,-3728.37,-4.841096479,137.396670287
4429,8144113.964,-283620.398,-3727.07,-4.841407665,137.396128606
4432,8144096.025,-283599.053,-3730.84,-4.841043346,137.395825964
4435,8144075.243,-283626.696,-3728.53,-4.84151516,137.395475359
4437,8144058.69,-283646.566,-3726.47,-4.841854304,137.3951961
4439,8144035.5,-283666.946,-3723.95,-4.842202153,137.394804871
4442,8144022.912,-283683.985,-3722.06,-4.842492977,137.394592504
4444,8144018.979,-283684.585,-3722.13,-4.842503218,137.394526152
4446,8143984.84,-283694.352,-3722.58,-4.842669922,137.393950206
4449,8143969.213,-283724.535,-3720.69,-4.843185089,137.393686569
4450,8143935.876,-283743.482,-3720.9,-4.843508479,137.393124154
4452,8143906.023,-283761.379,-3721.14,-4.843813948,137.392620516
4456,8143883.407,-283789.805,-3720.06,-4.844299127,137.39223897
4459,8143857.582,-283817.826,-3719.03,-4.844777393,137.391803287
4462,8143838.73,-283860.664,-3716.68,-4.845508557,137.391485242
4464,8143827.643,-283884.212,-3715.22,-4.845910478,137.391298198
4466,8143834.581,-283903.057,-3713.34,-4.846232126,137.391415246
4469,8143840.601,-283936.868,-3709.46,-4.846809217,137.391516807
4471,8143830.001,-283952.87,-3709.15,-4.847082341,137.391337979
4473,8143824.938,-283975.103,-3707.78,-4.847461817,137.391252563
4478,8143825.525,-283975.169,-3707.74,-4.847462943,137.391262466
4480,8143804.295,-283982.459,-3707.34,-4.84758737,137.390904303
4483,8143789.7,-284002.327,-3704.98,-4.84792648,137.390658076
4484,8143791.409,-284019.809,-3703.39,-4.848224865,137.390686908
4487,8143798.265,-284050.296,-3699.51,-4.848745221,137.390802573
4489,8143793.958,-284068.632,-3697.62,-4.849058182,137.390729911
4491,8143802.387,-284091.486,-3694.82,-4.849448257,137.390872114
4493,8143783.183,-284110.591,-3694.02,-4.849774343,137.390548131
4496,8143752.517,-284138.9,-3690.39,-4.850257525,137.390030777
4498,8143745.073,-284139.645,-3689.7,-4.850270241,137.389905192
4500,8143725.758,-284137.298,-3689.38,-4.850230182,137.389579336
4503,8143695.963,-284125.241,-3688.38,-4.850024391,137.389076676
4505,8143683.63,-284116.074,-3690.61,-4.849867928,137.388868611
4507,8143648.487,-284153.713,-3690.23,-4.850510355,137.388275728
4510,8143643.341,-284206.309,-3681.87,-4.85140807,137.388188911
4512,8143645.698,-284224.757,-3679.78,-4.851722943,137.388228675
4514,8143627.013,-284265.756,-3673.43,-4.852422719,137.387913448
4516,8143627.178,-284282.506,-3670.21,-4.85270861,137.387916232
4518,8143624.514,-284287.346,-3669.21,-4.85279122,137.387871289
4523,8143617.164,-284305.78,-3666.03,-4.853105853,137.38774729
4526,8143615.364,-284333.918,-3662.16,-4.853586116,137.387716923
4527,8143602.893,-284353.39,-3660.61,-4.853918467,137.387506529
4530,8143576.878,-284364.963,-3659.68,-4.854115996,137.38706764
4532,8143552.09,-284370.185,-3658.37,-4.854205126,137.386649452
4534,8143539.442,-284377.334,-3657.81,-4.854327146,137.386436072
4537,8143525.451,-284387.362,-3655.81,-4.854498305,137.386200036
4539,8143508.892,-284389.092,-3654.98,-4.854527833,137.385920675
4541,8143509.198,-284389.083,-3655.05,-4.854527679,137.385925838
4544,8143493.652,-284397.63,-3654.59,-4.85467356,137.385663567
4546,8143454.896,-284415.721,-3653.37,-4.85498234,137.38500973
4548,8143397.716,-284447,-3650.88,-4.855516213,137.384045069
4552,8143369.718,-284475.277,-3648.35,-4.855998848,137.383572726
4554,8143361.68,-284501.604,-3645.61,-4.856448201,137.38343712
4558,8143365.353,-284507.384,-3646.9,-4.856546855,137.383499086
4560,8143367.862,-284509.493,-3647.21,-4.856582851,137.383541414
4571,8143334.999,-284542.666,-3643.94,-4.857149052,137.382986995
4573,8143307.139,-284587.534,-3644.2,-4.857914864,137.38251698
4575,8143283.206,-284631.667,-3644.42,-4.858668131,137.382113216
4578,8143259.032,-284632.984,-3645.48,-4.85869061,137.381705386
4580,8143232.113,-284656.443,-3643.84,-4.859091011,137.381251246
4582,8143232.195,-284657.622,-3643.77,-4.859111134,137.38125263
4585,8143220.363,-284670.749,-3644.04,-4.859335187,137.381053017
4587,8143204.78,-284680.734,-3643.47,-4.859505612,137.380790122
4588,8143193.222,-284662.565,-3645.33,-4.859195502,137.380595132
4591,8143184.61,-284667.312,-3644.71,-4.859276524,137.380449842
4594,8143183.545,-284694.179,-3642.5,-4.859735093,137.380431875
4596,8143162.349,-284732.28,-3640.56,-4.860385405,137.380074285
4598,8143143.461,-284756.596,-3635.79,-4.860800434,137.379755633
4600,8143139.321,-284766.85,-3632.81,-4.86097545,137.379685789
4602,8143135.643,-284777.388,-3630.77,-4.861155314,137.379623739
4605,8143131.699,-284781.339,-3631.57,-4.86122275,137.379557201
4609,8143117.662,-284799.519,-3624.36,-4.861533048,137.379320389
4612,8143116.209,-284811.667,-3623.48,-4.861740392,137.379295876
4614,8143125.209,-284827.134,-3622.59,-4.862004384,137.379447711
4616,8143129.77,-284841.759,-3620.63,-4.862254005,137.379524658
4618,8143130.43,-284844.267,-3620.47,-4.862296812,137.379535793
4621,8143129.051,-284839.456,-3620.27,-4.862214697,137.379512528
4623,8143153.043,-284843.605,-3621.6,-4.862285513,137.379917288
4625,8143143.62,-284865.846,-3617.5,-4.862665125,137.379758316
4628,8143125.951,-284873.613,-3613.7,-4.862797693,137.379460229
4629,8143141.528,-284884.083,-3613.97,-4.862976396,137.379723023
4633,8143138.615,-284901.342,-3611.19,-4.863270974,137.379673879
4634,8143105.591,-284895.308,-3609.95,-4.863167986,137.379116744
4636,8143118.71,-284906.1,-3607.13,-4.863352185,137.379338069
4639,8143117.469,-284906.994,-3606.32,-4.863367443,137.379317133
4641,8143119.635,-284915.126,-3607.74,-4.863506241,137.379353674
4643,8143123.096,-284921.409,-3605.46,-4.86361348,137.379412064
4647,8143146.811,-284926.988,-3610.32,-4.863708703,137.37981215
4650,8143148.57,-284927.117,-3610.5,-4.863710905,137.379841825
4653,8143151.792,-284938.228,-3608.09,-4.863900549,137.379896182
4655,8143151.757,-284943.448,-3607.81,-4.863989644,137.379895592
4660,8143161.524,-284960.27,-3605.68,-4.864276764,137.380060367
4662,8143169.169,-284970.671,-3606,-4.864454289,137.380189343
4664,8143172.697,-284988.312,-3605.16,-4.864755388,137.380248862
4667,8143188.021,-284994.125,-3604.63,-4.864854605,137.380507388
4669,8143210.284,-284995.841,-3606.5,-4.864883894,137.380882978
4671,8143233.195,-285008.811,-3608.25,-4.865105267,137.3812695
4673,8143250.985,-285035.19,-3606.54,-4.865555507,137.381569628
4677,8143258.134,-285034.969,-3606.82,-4.865551735,137.381690236
4680,8143231.833,-285008.837,-3607.67,-4.865105711,137.381246523
4684,8143218.274,-284993.396,-3608.27,-4.864842162,137.381017774
4687,8143219.316,-284983.212,-3610.94,-4.864668341,137.381035353
4709,8143220.156,-284992.705,-3608.66,-4.864830368,137.381049525
